episode,ignition_row,ignition_col,seed,device,n_ticks,total_reward,mean_reward_per_tick,buildings_destroyed,contained,timeout,first_building_loss_tick,peak_active_fire,final_active_fire,peak_blaze,policy_loss,value_loss,classification_loss,aux_target_loss,entropy,resource_entropy,target_entropy,grad_norm,actions_per_tick,max_actions_tick,noop_ticks,dispatch_attempts,successful_dispatches,wasted_dispatches,unavailable_resource_attempts,unreachable_zone_attempts,mean_response_ticks,mean_traffic_delay_s,traffic_mean_load,traffic_max_load,water_team_dispatches,trench_crew_dispatches,rescue_vehicle_dispatches,helicopter_dispatches,water_team_effect_success,trench_crew_effect_success,rescue_vehicle_effect_success,helicopter_effect_success,rc_fire_extinguished,rc_fire_penalty,rc_dispatch_cost,rc_trench_bonus,rc_buildings_destroyed,rc_travel_delay,rc_wasted,trench_held_total
1,119,440,,cpu,6,-343.6495051085726,-57.274917518095435,0,True,False,,11,0,8,-0.5421101252237955,0.0057316905197997885,7.488282124201457,1.732867956161499,1.732867956161499,2.569827755292257,1.732867956161499,,2.5,10,4,15,15,0,0,0,6.333333333333333,103.54625222956699,1.55117,10.6,3,4,3,5,1,0,0,0,50.0,-20.0,-131.0,0.0,0.0,-212.6495051085726,0.0,0
2,292,427,,cpu,6,-1963.0447870751957,-327.17413117919926,5,True,False,2,9,0,7,-67.24988428751628,78.50580059488614,7.02102796236674,2.746530612309774,2.746530612309774,2.290637493133545,2.746530612309774,,2.5,10,4,15,15,0,0,0,6.133333333333334,97.83852973128006,1.4086295,8.6,3,4,3,5,2,1,0,0,100.0,-14.0,-131.0,0.0,-1718.8371539115906,-199.20763316360512,0.0,0
3,163,365,,cpu,150,-97900.958899913,-652.6730593327534,310,False,True,13,145,71,110,-65.9144613691171,3446.106912561588,6.660411160786946,0.9877697253227233,0.975215003490448,0.23485825896263124,0.975215003490448,,0.92,10,74,138,138,0,0,0,7.384057971014493,148.83552778702284,2.0680819,10.6,35,37,26,40,21,10,3,9,1500.0,-5058.0,-1149.0,0.0,-90034.55627727177,-2259.402622641233,0.0,0
4,236,496,,cpu,6,-1039.0344418451054,-173.17240697418424,2,True,False,2,6,0,5,14.215920766194662,6.76861047744751,6.328235308329265,2.746530612309774,2.746530612309774,2.81270162264506,2.746530612309774,,2.5,10,4,15,15,0,0,0,7.733333333333333,163.32609674368365,2.0231712,10.6,3,4,3,5,0,0,0,1,50.0,-8.5,-131.0,0.0,-651.4601051807404,-268.0743366643651,0.0,0
5,285,343,,cpu,7,-592.1336976412442,-84.59052823446346,1,True,False,2,13,0,9,10.231201989310128,5.92685283933367,5.976420538766043,2.35416909626552,2.35416909626552,2.015644516263689,2.35416909626552,,2.142857142857143,10,5,15,15,0,0,0,6.333333333333333,111.42628818866676,1.7929424,10.6,3,4,3,5,1,0,0,1,100.0,-24.5,-131.0,0.0,-294.5672631263733,-212.06643451487088,0.0,0
6,133,468,,cpu,6,-248.08160476470542,-41.3469341274509,0,True,False,,18,0,13,9.23219347000122,4.967997312545776,5.600607951482137,1.732867956161499,1.732867956161499,2.5198516845703125,1.732867956161499,,2.5,10,4,15,15,0,0,0,6.333333333333333,103.31991775000978,1.5977125,10.6,3,4,3,5,1,0,0,2,150.0,-34.5,-131.0,0.0,0.0,-212.58160476470545,0.0,0
7,153,159,,cpu,7,-406.0359211697084,-58.00513159567263,0,True,False,,23,0,18,8.184863635471888,4.195584229060581,5.214085851396833,0.8931141921452114,1.3748300756726946,2.491044180733817,1.3748300756726946,,2.142857142857143,10,5,15,15,0,0,0,12.466666666666667,279.9106015298795,2.1916025,8.4,3,4,3,5,0,0,0,4,200.0,-48.0,-131.0,0.0,0.0,-427.0359211697084,0.0,0
8,114,381,,cpu,150,-32091.548135795492,-213.9436542386366,83,False,True,19,241,241,177,1.6428391416867574,1.873898533185323,4.888803488413493,1.0442379760742186,1.0192792912324269,0.1950816786289215,1.0192792912324269,,0.9066666666666666,10,76,136,136,0,0,0,7.720588235294118,159.74501922001818,1.96973,10.6,31,34,26,45,15,6,0,6,1050.0,-7909.5,-1180.0,0.0,-20726.5271037817,-2345.5210320137926,0.0,0
9,176,152,,cpu,8,-353.60178124954564,-44.200222656193205,0,True,False,,22,0,18,4.622611999511719,2.07751527428627,4.437252342700958,1.2996509671211243,1.2996509671211243,1.8946035504341125,1.2996509671211243,,1.875,10,6,15,15,0,0,0,10.2,250.7077622123739,2.7616682,10.6,3,4,3,5,0,0,0,4,200.0,-51.0,-131.0,0.0,0.0,-351.60178124954564,0.0,0
10,231,193,,cpu,18,-1638.6446329687276,-91.03581294270708,6,True,False,2,14,0,11,0.9421625269783868,1.7156278292338054,4.050867001215617,0.30517008569505477,0.30517008569505477,0.3767785496181912,0.30517008569505477,,0.2777777777777778,1,13,5,5,0,0,0,5.0,0.0,0.0,0.0,0,0,0,5,0,0,0,4,200.0,-66.0,-75.0,0.0,-1645.6543922424316,-51.990240726296015,0.0,0
11,151,384,,cpu,150,-104883.99712145286,-699.2266474763525,324,False,True,38,155,100,126,-1.3582347989827395,2.0341300503568105,3.732785782814026,0.9925145236651103,0.9476000698407491,0.22602327863375346,0.9476000698407491,,0.9266666666666666,10,68,139,139,0,0,0,7.467625899280575,150.33274180021806,1.8880149,10.6,34,35,26,44,15,15,0,14,1450.0,-7280.0,-1188.0,0.0,-94700.79461038113,-2305.2025110717364,0.0,0
12,233,463,,cpu,7,-2108.908888248942,-301.2726983212774,6,True,False,2,10,0,8,5.486841746738979,1.5873918192727225,3.2895234312329973,2.35416909626552,2.35416909626552,2.1763921124594554,2.35416909626552,,2.142857142857143,10,5,15,15,0,0,0,7.466666666666667,139.22974969204978,1.9023601,10.6,3,4,3,5,1,0,0,1,100.0,-26.0,-131.0,0.0,-1797.8449523448944,-244.06393590404724,0.0,0
13,195,366,,cpu,150,-70629.78036065615,-470.8652024043743,207,False,True,22,140,52,106,0.2852991270025571,0.4976989233815887,2.9592722272872924,0.951286477247874,0.9462906034787496,0.35087835907936094,0.9462906034787496,,0.9133333333333333,10,87,137,137,0,0,0,7.45985401459854,150.88038032943075,2.0247793,10.6,34,37,26,40,10,11,0,3,650.0,-5201.5,-1144.0,0.0,-61589.408004283905,-2264.8723563722383,0.0,0
14,158,148,,cpu,150,-55511.28803320814,-370.0752535547209,150,False,True,5,397,390,315,0.30524361836879205,0.6225874105893444,2.6403040965398152,0.8401516914367676,0.837330508629481,0.16747071544329326,0.837330508629481,,0.82,10,77,123,123,0,0,0,9.252032520325203,199.75746362918485,2.6409469,8.6,26,32,25,40,10,4,2,19,1450.0,-13715.5,-1061.0,0.0,-38804.55602484313,-2560.232008365008,0.0,0
15,130,119,,cpu,8,-542.0760712636646,-67.75950890795808,0,True,False,,11,0,9,2.853891909122467,1.1123201102018356,2.2013059258461,1.2996509671211243,1.2996509671211243,1.5288545489311218,1.2996509671211243,,1.875,10,6,15,15,0,0,0,13.133333333333333,285.4536187247415,3.0125399,10.6,3,4,3,5,0,0,0,2,100.0,-27.5,-131.0,0.0,0.0,-453.5760712636647,0.0,0
16,297,155,,cpu,7,-754.1613969445733,-107.73734242065333,1,True,False,5,9,0,7,3.241273675646101,0.8857904757772174,1.8625170503343855,1.4853153909955705,1.4853153909955705,2.0907130241394043,1.4853153909955705,,2.142857142857143,10,5,15,15,0,0,0,8.866666666666667,177.0608811653203,2.4503956,10.6,3,4,3,5,1,0,0,0,50.0,-13.5,-131.0,0.0,-303.5719573497772,-306.0894395947961,0.0,0
17,108,492,,cpu,6,-1593.044505508918,-265.5074175848197,4,True,False,2,7,0,5,4.045799334843953,0.6776594420274099,1.543404459953308,2.746530612309774,2.746530612309774,2.4715214570363364,2.746530612309774,,2.5,10,4,15,15,0,0,0,9.466666666666667,201.6194177059053,2.4180958,10.6,3,4,3,5,0,0,0,1,50.0,-9.0,-131.0,0.0,-1158.1627130508423,-324.8817924580758,0.0,0
18,267,245,,cpu,8,-312.755401745186,-39.09442521814825,0,True,False,,17,0,16,2.1083065569400787,0.5612845197319984,1.2498127818107605,1.2996509671211243,1.2996509671211243,1.6143721491098404,1.2996509671211243,,1.875,10,6,15,15,0,0,0,8.133333333333333,159.12679303997797,2.1082458,10.6,3,4,3,5,1,0,0,2,150.0,-31.0,-131.0,0.0,0.0,-270.7554017451861,0.0,0
19,228,361,,cpu,7,-1161.0910876575545,-165.87015537965064,3,True,False,2,11,0,8,2.8297387531825473,0.36462571791240145,0.9889747074672154,2.35416909626552,2.35416909626552,2.3176589693341936,2.35416909626552,,2.142857142857143,10,5,15,15,0,0,0,7.666666666666667,164.4086583557299,2.1562803,10.6,3,4,3,5,1,0,0,2,150.0,-27.0,-131.0,0.0,-896.577376127243,-256.51371153031147,0.0,0
20,176,185,,cpu,150,-134042.98688936798,-893.6199125957866,410,False,True,11,462,462,337,-1.2596115197738011,4.712710625330219,0.8451970473925272,0.36797721942265826,0.3598547422885895,0.25141752044359844,0.3598547422885895,,0.5666666666666667,10,97,85,85,0,0,0,8.270588235294118,156.04810330494723,1.3453251,10.6,16,19,14,36,13,0,0,13,1300.0,-12051.5,-814.0,0.0,-120418.37014257908,-1569.1167467888897,0.0,0
21,43,551,,cpu,24,-4107.704471372521,-171.15435297385503,11,True,False,2,17,0,15,0.9692737857500712,0.24482341824720302,0.59246094028155,1.4656138966480892,1.451185052593549,0.66757965584596,1.451185052593549,,1.1666666666666667,10,15,28,28,0,0,0,8.571428571428571,162.95885781193576,2.6788108,10.6,6,7,5,10,1,2,0,3,200.0,-112.5,-251.0,0.0,-3282.9320788383484,-541.2723925341727,0.0,0
22,292,186,,cpu,6,-2608.4659093252867,-434.7443182208811,7,True,False,2,10,0,8,1.56553053855896,0.13435617834329605,0.4531570126612981,2.746530612309774,2.746530612309774,2.3368187745412192,2.746530612309774,,2.5,10,4,15,15,0,0,0,8.466666666666667,171.77807132600734,2.0395138,10.6,3,4,3,5,1,0,0,0,50.0,-21.5,-131.0,0.0,-2223.289370536804,-282.6765387884824,0.0,0
23,0,519,,cpu,12,-1661.8202148412413,-138.48501790343678,4,True,False,2,8,0,6,0.6630855202674866,0.10739044845104218,0.34983089317878086,1.373265306154887,1.373265306154887,1.165303150812785,1.373265306154887,,1.25,10,10,15,15,0,0,0,9.333333333333334,191.42344522672187,2.9740345,10.6,3,4,3,5,1,1,0,2,150.0,-24.0,-131.0,0.0,-1291.214406490326,-315.6058083509154,0.0,0
24,192,344,,cpu,7,-327.8966701584068,-46.84238145120097,0,True,False,,13,0,9,0.7380539689745221,0.045533302639211924,0.2731561277593885,1.4853153909955705,1.4853153909955705,1.9800453186035156,1.4853153909955705,,2.142857142857143,10,5,15,15,0,0,0,7.666666666666667,164.01852044938104,2.200376,10.6,3,4,3,5,1,0,0,1,100.0,-30.5,-131.0,0.0,0.0,-256.3966701584068,0.0,0
25,147,533,,cpu,6,-949.4443021560651,-158.24071702601086,2,True,False,2,17,0,11,0.2074442853530248,0.0041762399875248475,0.21675361692905426,2.746530612309774,2.746530612309774,2.2283676067988076,2.746530612309774,,2.5,10,4,15,15,0,0,0,9.466666666666667,202.0159655608974,2.5285664,10.6,3,4,3,5,0,0,0,2,100.0,-34.0,-131.0,0.0,-559.4435453414917,-325.0007568145734,0.0,0
26,277,222,,cpu,8,-578.2382160059659,-72.27977700074574,1,True,False,5,10,0,7,-0.2386779822409153,0.005312585417414084,0.1746991816908121,1.2996509671211243,1.2996509671211243,1.712206870317459,1.2996509671211243,,1.875,10,6,15,15,0,0,0,8.466666666666667,171.77807132600734,2.394745,10.6,3,4,3,5,1,1,1,3,200.0,-24.0,-131.0,0.0,-320.5616772174835,-282.6765387884824,0.0,0
27,293,123,,cpu,8,-1586.6243592850833,-198.3280449106354,4,True,False,2,14,0,10,-0.8835014253854752,0.04067325312644243,0.14318116754293442,2.0598979592323303,2.0598979592323303,1.5810865461826324,2.0598979592323303,,1.875,10,6,15,15,0,0,0,8.866666666666667,177.40321829415842,2.5054846,10.6,3,4,3,5,1,0,0,3,200.0,-35.5,-131.0,0.0,-1273.9322185516357,-306.1921407334475,0.0,0
28,254,480,,cpu,6,-2053.948155633764,-342.3246926056274,5,True,False,2,7,0,7,-1.4014803171157837,0.06325052678585052,0.12005672479669253,2.7220475673675537,2.745999256769816,1.9252228736877441,2.745999256769816,,2.5,10,4,15,15,0,0,0,6.6,114.49327582153684,1.6672211,8.6,3,4,3,5,1,0,0,0,50.0,-12.5,-131.0,0.0,-1735.7170283794403,-214.73112725432378,0.0,0
29,28,416,,cpu,7,-2720.4240201771854,-388.6320028824551,8,True,False,2,10,0,10,-1.1308971984045846,0.05669686730418887,0.10318519068615777,2.35416909626552,2.35416909626552,1.720787729535784,2.35416909626552,,2.142857142857143,10,5,15,15,0,0,0,7.133333333333334,127.41624818063947,2.227555,9.6,3,4,3,5,0,0,0,2,100.0,-21.0,-131.0,0.0,-2391.571545600891,-236.8524745762944,0.0,0
30,15,559,,cpu,6,-2357.570866896414,-392.928477816069,6,True,False,2,8,0,7,-0.9190415740013123,0.02228552910188834,0.09001124401887257,2.8390181064605713,2.7399044036865234,2.3013329903284707,2.7399044036865234,,2.5,10,4,15,15,0,0,0,9.4,197.67255695992793,1.9195989,9.6,3,4,3,5,0,0,0,1,50.0,-17.5,-131.0,0.0,-1928.42777967453,-320.6430872218837,0.0,0
31,116,560,,cpu,10,-2368.5990190229663,-236.85990190229663,6,True,False,2,8,0,8,-0.25684996843338015,0.002858029355525105,0.080567716807127,1.6692684173583985,1.6461689949035645,1.2393684208393096,1.6461689949035645,,1.5,10,8,15,15,0,0,0,9.266666666666667,192.710985659124,2.9627807,9.6,3,4,3,5,0,1,0,0,0.0,-23.0,-131.0,0.0,-1847.8288650512695,-316.7701539716969,0.0,0
32,110,358,,cpu,150,-33417.60039038139,-222.7840026025426,71,False,True,24,352,351,275,-0.23370709295074146,0.11829667810661097,0.2505998630324999,0.9184245344003041,0.8660713255405426,0.16533780773480733,0.8660713255405426,,0.8866666666666667,10,80,133,133,0,0,0,8.25563909774436,183.26070145605811,2.17987,10.6,30,34,24,45,10,4,0,5,750.0,-12678.0,-1169.0,0.0,-16830.73444366455,-2469.865946716842,0.0,0
33,290,152,,cpu,13,-696.9847512482405,-53.61421163448004,1,True,False,10,18,0,13,0.4100440259163196,0.04666671199867359,0.06516237499622199,0.9597422526432917,0.9597422526432917,1.1021177952106183,0.9597422526432917,,1.3846153846153846,10,9,18,18,0,0,0,8.055555555555555,159.364602235619,2.832578,10.6,4,5,4,5,2,0,0,2,200.0,-57.5,-147.0,0.0,-299.73997473716736,-332.74477651107316,0.0,0
34,220,521,,cpu,62,-35366.72400913865,-570.431032405462,111,True,False,2,54,0,43,-0.6860500509820638,0.37860225440330864,0.06922513679150612,1.2197042963197153,1.1766949853589457,0.42125504439876926,1.1766949853589457,,1.0483870967741935,10,32,65,65,0,0,0,6.907692307692308,126.45404612357575,2.2127862,10.6,15,16,14,20,5,8,1,6,550.0,-756.5,-545.0,0.0,-33240.349102020264,-1024.8749071183838,0.0,0
35,186,476,,cpu,26,-4462.335125501016,-171.62827405773137,14,True,False,2,17,0,14,0.47169622778892517,0.1196354331735235,0.05798758709659943,1.2674055649684026,1.2628218485758855,0.6032681052501385,1.2628218485758855,,1.1923076923076923,10,15,31,31,0,0,0,7.32258064516129,129.64135414009976,1.929205,10.6,7,8,6,10,4,1,1,3,350.0,-150.5,-267.0,0.0,-3755.2161787318432,-499.61894676917245,0.0,0
36,227,313,,cpu,8,-277.8651936372052,-34.73314920465065,0,True,False,,14,0,11,1.1000209152698517,0.1237018583342433,0.05235838796943426,1.2996509671211243,1.2996509671211243,1.8520955443382263,1.2996509671211243,,1.875,10,6,15,15,0,0,0,8.733333333333333,178.71373763047202,2.3317032,10.6,3,4,3,5,1,0,0,3,200.0,-36.0,-131.0,0.0,0.0,-290.86519363720527,0.0,0
37,81,494,,cpu,7,-2740.614223698976,-391.51631767128225,8,True,False,2,17,0,13,1.3211477824619837,0.07635222694703511,0.0494911117213113,3.4321746826171875,3.4480490003313338,2.235475642340524,3.4480490003313338,,2.142857142857143,10,5,15,15,0,0,0,9.266666666666667,192.88799104327438,2.369023,9.6,3,4,3,5,0,0,0,3,150.0,-38.5,-131.0,0.0,-2373.92600774765,-317.1882159513258,0.0,0
38,203,431,,cpu,7,-266.0653560991072,-38.009336585586745,0,True,False,,19,0,15,1.0064747503825597,0.0911814027598926,0.04664110977734838,1.4853153909955705,1.4853153909955705,1.9312934194292342,1.4853153909955705,,2.142857142857143,10,5,15,15,0,0,0,7.4,139.2344836755831,1.879391,10.6,3,4,3,5,1,0,0,2,150.0,-41.0,-131.0,0.0,0.0,-244.0653560991072,0.0,0
39,184,415,,cpu,7,-317.5914139919845,-45.37020199885493,0,True,False,,18,0,16,0.7891564539500645,0.05607960160289492,0.04490273871592113,1.4853153909955705,1.4853153909955705,1.879474673952375,1.4853153909955705,,2.142857142857143,10,5,15,15,0,0,0,7.466666666666667,139.32134331850745,1.896155,10.6,3,4,3,5,1,0,0,1,100.0,-42.5,-131.0,0.0,0.0,-244.09141399198452,0.0,0
40,314,347,,cpu,5,-1555.613030803552,-311.1226061607104,4,True,False,2,11,0,8,0.5307299852371216,0.015178941935300828,0.0421650655567646,3.2958367347717283,3.2958367347717283,2.381296157836914,3.2958367347717283,,3.0,10,3,15,15,0,0,0,6.333333333333333,111.42628818866676,1.414908,10.6,3,4,3,5,1,0,0,0,50.0,-16.0,-131.0,0.0,-1246.546596288681,-212.06643451487088,0.0,0
