episode,path
260,A:\AI\InfernoTactics\infernotactics\models\checkpoints_relative_v8\episode_0260.pt
270,A:\AI\InfernoTactics\infernotactics\models\checkpoints_relative_v8\episode_0270.pt
280,A:\AI\InfernoTactics\infernotactics\models\checkpoints_relative_v8\episode_0280.pt
290,A:\AI\InfernoTactics\infernotactics\models\checkpoints_relative_v8\episode_0290.pt
300,A:\AI\InfernoTactics\infernotactics\models\checkpoints_relative_v8\episode_0300.pt
310,A:\AI\InfernoTactics\infernotactics\models\checkpoints_relative_v8\episode_0310.pt
320,A:\AI\InfernoTactics\infernotactics\models\checkpoints_relative_v8\episode_0320.pt
330,A:\AI\InfernoTactics\infernotactics\models\checkpoints_relative_v8\episode_0330.pt
340,A:\AI\InfernoTactics\infernotactics\models\checkpoints_relative_v8\episode_0340.pt
350,A:\AI\InfernoTactics\infernotactics\models\checkpoints_relative_v8\episode_0350.pt
360,A:\AI\InfernoTactics\infernotactics\models\checkpoints_relative_v8\episode_0360.pt
370,A:\AI\InfernoTactics\infernotactics\models\checkpoints_relative_v8\episode_0370.pt
380,A:\AI\InfernoTactics\infernotactics\models\checkpoints_relative_v8\episode_0380.pt
390,A:\AI\InfernoTactics\infernotactics\models\checkpoints_relative_v8\episode_0390.pt
400,A:\AI\InfernoTactics\infernotactics\models\checkpoints_relative_v8\episode_0400.pt
410,A:\AI\InfernoTactics\infernotactics\models\checkpoints_relative_v8\episode_0410.pt
420,A:\AI\InfernoTactics\infernotactics\models\checkpoints_relative_v8\episode_0420.pt
430,A:\AI\InfernoTactics\infernotactics\models\checkpoints_relative_v8\episode_0430.pt
440,A:\AI\InfernoTactics\infernotactics\models\checkpoints_relative_v8\episode_0440.pt
450,A:\AI\InfernoTactics\infernotactics\models\checkpoints_relative_v8\episode_0450.pt
460,A:\AI\InfernoTactics\infernotactics\models\checkpoints_relative_v8\episode_0460.pt
470,A:\AI\InfernoTactics\infernotactics\models\checkpoints_relative_v8\episode_0470.pt
480,A:\AI\InfernoTactics\infernotactics\models\checkpoints_relative_v8\episode_0480.pt
490,A:\AI\InfernoTactics\infernotactics\models\checkpoints_relative_v8\episode_0490.pt
500,A:\AI\InfernoTactics\infernotactics\models\checkpoints_relative_v8\episode_0500.pt
510,A:\AI\InfernoTactics\infernotactics\models\checkpoints_relative_v8\episode_0510.pt
520,A:\AI\InfernoTactics\infernotactics\models\checkpoints_relative_v8\episode_0520.pt
530,A:\AI\InfernoTactics\infernotactics\models\checkpoints_relative_v8\episode_0530.pt
540,A:\AI\InfernoTactics\infernotactics\models\checkpoints_relative_v8\episode_0540.pt
550,A:\AI\InfernoTactics\infernotactics\models\checkpoints_relative_v8\episode_0550.pt
560,A:\AI\InfernoTactics\infernotactics\models\checkpoints_relative_v8\episode_0560.pt
570,A:\AI\InfernoTactics\infernotactics\models\checkpoints_relative_v8\episode_0570.pt
580,A:\AI\InfernoTactics\infernotactics\models\checkpoints_relative_v8\episode_0580.pt
590,A:\AI\InfernoTactics\infernotactics\models\checkpoints_relative_v8\episode_0590.pt
600,A:\AI\InfernoTactics\infernotactics\models\checkpoints_relative_v8\episode_0600.pt
610,A:\AI\InfernoTactics\infernotactics\models\checkpoints_relative_v8\episode_0610.pt
620,A:\AI\InfernoTactics\infernotactics\models\checkpoints_relative_v8\episode_0620.pt
630,A:\AI\InfernoTactics\infernotactics\models\checkpoints_relative_v8\episode_0630.pt
640,A:\AI\InfernoTactics\infernotactics\models\checkpoints_relative_v8\episode_0640.pt
650,A:\AI\InfernoTactics\infernotactics\models\checkpoints_relative_v8\episode_0650.pt
660,A:\AI\InfernoTactics\infernotactics\models\checkpoints_relative_v8\episode_0660.pt
670,A:\AI\InfernoTactics\infernotactics\models\checkpoints_relative_v8\episode_0670.pt
680,A:\AI\InfernoTactics\infernotactics\models\checkpoints_relative_v8\episode_0680.pt
690,A:\AI\InfernoTactics\infernotactics\models\checkpoints_relative_v8\episode_0690.pt
700,A:\AI\InfernoTactics\infernotactics\models\checkpoints_relative_v8\episode_0700.pt
710,A:\AI\InfernoTactics\infernotactics\models\checkpoints_relative_v8\episode_0710.pt
720,A:\AI\InfernoTactics\infernotactics\models\checkpoints_relative_v8\episode_0720.pt
730,A:\AI\InfernoTactics\infernotactics\models\checkpoints_relative_v8\episode_0730.pt
740,A:\AI\InfernoTactics\infernotactics\models\checkpoints_relative_v8\episode_0740.pt
750,A:\AI\InfernoTactics\infernotactics\models\checkpoints_relative_v8\episode_0750.pt
760,A:\AI\InfernoTactics\infernotactics\models\checkpoints_relative_v8\episode_0760.pt
770,A:\AI\InfernoTactics\infernotactics\models\checkpoints_relative_v8\episode_0770.pt
780,A:\AI\InfernoTactics\infernotactics\models\checkpoints_relative_v8\episode_0780.pt
790,A:\AI\InfernoTactics\infernotactics\models\checkpoints_relative_v8\episode_0790.pt
800,A:\AI\InfernoTactics\infernotactics\models\checkpoints_relative_v8\episode_0800.pt
810,A:\AI\InfernoTactics\infernotactics\models\checkpoints_relative_v8\episode_0810.pt
820,A:\AI\InfernoTactics\infernotactics\models\checkpoints_relative_v8\episode_0820.pt
830,A:\AI\InfernoTactics\infernotactics\models\checkpoints_relative_v8\episode_0830.pt
840,A:\AI\InfernoTactics\infernotactics\models\checkpoints_relative_v8\episode_0840.pt
850,A:\AI\InfernoTactics\infernotactics\models\checkpoints_relative_v8\episode_0850.pt
860,A:\AI\InfernoTactics\infernotactics\models\checkpoints_relative_v8\episode_0860.pt
870,A:\AI\InfernoTactics\infernotactics\models\checkpoints_relative_v8\episode_0870.pt
880,A:\AI\InfernoTactics\infernotactics\models\checkpoints_relative_v8\episode_0880.pt
890,A:\AI\InfernoTactics\infernotactics\models\checkpoints_relative_v8\episode_0890.pt
900,A:\AI\InfernoTactics\infernotactics\models\checkpoints_relative_v8\episode_0900.pt
910,A:\AI\InfernoTactics\infernotactics\models\checkpoints_relative_v8\episode_0910.pt
920,A:\AI\InfernoTactics\infernotactics\models\checkpoints_relative_v8\episode_0920.pt
930,A:\AI\InfernoTactics\infernotactics\models\checkpoints_relative_v8\episode_0930.pt
940,A:\AI\InfernoTactics\infernotactics\models\checkpoints_relative_v8\episode_0940.pt
950,A:\AI\InfernoTactics\infernotactics\models\checkpoints_relative_v8\episode_0950.pt
960,A:\AI\InfernoTactics\infernotactics\models\checkpoints_relative_v8\episode_0960.pt
970,A:\AI\InfernoTactics\infernotactics\models\checkpoints_relative_v8\episode_0970.pt
980,A:\AI\InfernoTactics\infernotactics\models\checkpoints_relative_v8\episode_0980.pt
990,A:\AI\InfernoTactics\infernotactics\models\checkpoints_relative_v8\episode_0990.pt
1000,A:\AI\InfernoTactics\infernotactics\models\checkpoints_relative_v8\episode_1000.pt
1010,A:\AI\InfernoTactics\infernotactics\models\checkpoints_relative_v8\episode_1010.pt
1020,A:\AI\InfernoTactics\infernotactics\models\checkpoints_relative_v8\episode_1020.pt
1030,A:\AI\InfernoTactics\infernotactics\models\checkpoints_relative_v8\episode_1030.pt
1040,A:\AI\InfernoTactics\infernotactics\models\checkpoints_relative_v8\episode_1040.pt
1050,A:\AI\InfernoTactics\infernotactics\models\checkpoints_relative_v8\episode_1050.pt
1060,A:\AI\InfernoTactics\infernotactics\models\checkpoints_relative_v8\episode_1060.pt
1070,A:\AI\InfernoTactics\infernotactics\models\checkpoints_relative_v8\episode_1070.pt
1080,A:\AI\InfernoTactics\infernotactics\models\checkpoints_relative_v8\episode_1080.pt
1090,A:\AI\InfernoTactics\infernotactics\models\checkpoints_relative_v8\episode_1090.pt
1100,A:\AI\InfernoTactics\infernotactics\models\checkpoints_relative_v8\episode_1100.pt
1110,A:\AI\InfernoTactics\infernotactics\models\checkpoints_relative_v8\episode_1110.pt
1120,A:\AI\InfernoTactics\infernotactics\models\checkpoints_relative_v8\episode_1120.pt
1130,A:\AI\InfernoTactics\infernotactics\models\checkpoints_relative_v8\episode_1130.pt
1140,A:\AI\InfernoTactics\infernotactics\models\checkpoints_relative_v8\episode_1140.pt
1150,A:\AI\InfernoTactics\infernotactics\models\checkpoints_relative_v8\episode_1150.pt
1160,A:\AI\InfernoTactics\infernotactics\models\checkpoints_relative_v8\episode_1160.pt
1170,A:\AI\InfernoTactics\infernotactics\models\checkpoints_relative_v8\episode_1170.pt
1180,A:\AI\InfernoTactics\infernotactics\models\checkpoints_relative_v8\episode_1180.pt
1190,A:\AI\InfernoTactics\infernotactics\models\checkpoints_relative_v8\episode_1190.pt
1200,A:\AI\InfernoTactics\infernotactics\models\checkpoints_relative_v8\episode_1200.pt
1210,A:\AI\InfernoTactics\infernotactics\models\checkpoints_relative_v8\episode_1210.pt
1220,A:\AI\InfernoTactics\infernotactics\models\checkpoints_relative_v8\episode_1220.pt
1230,A:\AI\InfernoTactics\infernotactics\models\checkpoints_relative_v8\episode_1230.pt
1240,A:\AI\InfernoTactics\infernotactics\models\checkpoints_relative_v8\episode_1240.pt
1250,A:\AI\InfernoTactics\infernotactics\models\checkpoints_relative_v8\episode_1250.pt
1260,A:\AI\InfernoTactics\infernotactics\models\checkpoints_relative_v8\episode_1260.pt
1270,A:\AI\InfernoTactics\infernotactics\models\checkpoints_relative_v8\episode_1270.pt
1280,A:\AI\InfernoTactics\infernotactics\models\checkpoints_relative_v8\episode_1280.pt
1290,A:\AI\InfernoTactics\infernotactics\models\checkpoints_relative_v8\episode_1290.pt
1300,A:\AI\InfernoTactics\infernotactics\models\checkpoints_relative_v8\episode_1300.pt
1310,A:\AI\InfernoTactics\infernotactics\models\checkpoints_relative_v8\episode_1310.pt
1320,A:\AI\InfernoTactics\infernotactics\models\checkpoints_relative_v8\episode_1320.pt
1330,A:\AI\InfernoTactics\infernotactics\models\checkpoints_relative_v8\episode_1330.pt
1340,A:\AI\InfernoTactics\infernotactics\models\checkpoints_relative_v8\episode_1340.pt
1350,A:\AI\InfernoTactics\infernotactics\models\checkpoints_relative_v8\episode_1350.pt
1360,A:\AI\InfernoTactics\infernotactics\models\checkpoints_relative_v8\episode_1360.pt
1370,A:\AI\InfernoTactics\infernotactics\models\checkpoints_relative_v8\episode_1370.pt
1380,A:\AI\InfernoTactics\infernotactics\models\checkpoints_relative_v8\episode_1380.pt
1390,A:\AI\InfernoTactics\infernotactics\models\checkpoints_relative_v8\episode_1390.pt
1400,A:\AI\InfernoTactics\infernotactics\models\checkpoints_relative_v8\episode_1400.pt
1410,A:\AI\InfernoTactics\infernotactics\models\checkpoints_relative_v8\episode_1410.pt
1420,A:\AI\InfernoTactics\infernotactics\models\checkpoints_relative_v8\episode_1420.pt
1430,A:\AI\InfernoTactics\infernotactics\models\checkpoints_relative_v8\episode_1430.pt
1440,A:\AI\InfernoTactics\infernotactics\models\checkpoints_relative_v8\episode_1440.pt
1450,A:\AI\InfernoTactics\infernotactics\models\checkpoints_relative_v8\episode_1450.pt
1460,A:\AI\InfernoTactics\infernotactics\models\checkpoints_relative_v8\episode_1460.pt
1470,A:\AI\InfernoTactics\infernotactics\models\checkpoints_relative_v8\episode_1470.pt
1480,A:\AI\InfernoTactics\infernotactics\models\checkpoints_relative_v8\episode_1480.pt
1490,A:\AI\InfernoTactics\infernotactics\models\checkpoints_relative_v8\episode_1490.pt
1500,A:\AI\InfernoTactics\infernotactics\models\checkpoints_relative_v8\episode_1500.pt
1510,A:\AI\InfernoTactics\infernotactics\models\checkpoints_relative_v8\episode_1510.pt
1520,A:\AI\InfernoTactics\infernotactics\models\checkpoints_relative_v8\episode_1520.pt
1530,A:\AI\InfernoTactics\infernotactics\models\checkpoints_relative_v8\episode_1530.pt
1540,A:\AI\InfernoTactics\infernotactics\models\checkpoints_relative_v8\episode_1540.pt
1550,A:\AI\InfernoTactics\infernotactics\models\checkpoints_relative_v8\episode_1550.pt
1560,A:\AI\InfernoTactics\infernotactics\models\checkpoints_relative_v8\episode_1560.pt
1570,A:\AI\InfernoTactics\infernotactics\models\checkpoints_relative_v8\episode_1570.pt
1580,A:\AI\InfernoTactics\infernotactics\models\checkpoints_relative_v8\episode_1580.pt
1590,A:\AI\InfernoTactics\infernotactics\models\checkpoints_relative_v8\episode_1590.pt
1600,A:\AI\InfernoTactics\infernotactics\models\checkpoints_relative_v8\episode_1600.pt
1610,A:\AI\InfernoTactics\infernotactics\models\checkpoints_relative_v8\episode_1610.pt
1620,A:\AI\InfernoTactics\infernotactics\models\checkpoints_relative_v8\episode_1620.pt
1630,A:\AI\InfernoTactics\infernotactics\models\checkpoints_relative_v8\episode_1630.pt
1640,A:\AI\InfernoTactics\infernotactics\models\checkpoints_relative_v8\episode_1640.pt
1650,A:\AI\InfernoTactics\infernotactics\models\checkpoints_relative_v8\episode_1650.pt
1660,A:\AI\InfernoTactics\infernotactics\models\checkpoints_relative_v8\episode_1660.pt
1670,A:\AI\InfernoTactics\infernotactics\models\checkpoints_relative_v8\episode_1670.pt
1680,A:\AI\InfernoTactics\infernotactics\models\checkpoints_relative_v8\episode_1680.pt
1690,A:\AI\InfernoTactics\infernotactics\models\checkpoints_relative_v8\episode_1690.pt
1700,A:\AI\InfernoTactics\infernotactics\models\checkpoints_relative_v8\episode_1700.pt
1710,A:\AI\InfernoTactics\infernotactics\models\checkpoints_relative_v8\episode_1710.pt
1720,A:\AI\InfernoTactics\infernotactics\models\checkpoints_relative_v8\episode_1720.pt
1730,A:\AI\InfernoTactics\infernotactics\models\checkpoints_relative_v8\episode_1730.pt
1740,A:\AI\InfernoTactics\infernotactics\models\checkpoints_relative_v8\episode_1740.pt
1750,A:\AI\InfernoTactics\infernotactics\models\checkpoints_relative_v8\episode_1750.pt
1760,A:\AI\InfernoTactics\infernotactics\models\checkpoints_relative_v8\episode_1760.pt
1770,A:\AI\InfernoTactics\infernotactics\models\checkpoints_relative_v8\episode_1770.pt
1780,A:\AI\InfernoTactics\infernotactics\models\checkpoints_relative_v8\episode_1780.pt
1790,A:\AI\InfernoTactics\infernotactics\models\checkpoints_relative_v8\episode_1790.pt
1800,A:\AI\InfernoTactics\infernotactics\models\checkpoints_relative_v8\episode_1800.pt
1810,A:\AI\InfernoTactics\infernotactics\models\checkpoints_relative_v8\episode_1810.pt
1820,A:\AI\InfernoTactics\infernotactics\models\checkpoints_relative_v8\episode_1820.pt
1830,A:\AI\InfernoTactics\infernotactics\models\checkpoints_relative_v8\episode_1830.pt
1840,A:\AI\InfernoTactics\infernotactics\models\checkpoints_relative_v8\episode_1840.pt
1850,A:\AI\InfernoTactics\infernotactics\models\checkpoints_relative_v8\episode_1850.pt
1860,A:\AI\InfernoTactics\infernotactics\models\checkpoints_relative_v8\episode_1860.pt
1870,A:\AI\InfernoTactics\infernotactics\models\checkpoints_relative_v8\episode_1870.pt
1880,A:\AI\InfernoTactics\infernotactics\models\checkpoints_relative_v8\episode_1880.pt
1890,A:\AI\InfernoTactics\infernotactics\models\checkpoints_relative_v8\episode_1890.pt
1900,A:\AI\InfernoTactics\infernotactics\models\checkpoints_relative_v8\episode_1900.pt
1910,A:\AI\InfernoTactics\infernotactics\models\checkpoints_relative_v8\episode_1910.pt
1920,A:\AI\InfernoTactics\infernotactics\models\checkpoints_relative_v8\episode_1920.pt
1930,A:\AI\InfernoTactics\infernotactics\models\checkpoints_relative_v8\episode_1930.pt
1940,A:\AI\InfernoTactics\infernotactics\models\checkpoints_relative_v8\episode_1940.pt
1950,A:\AI\InfernoTactics\infernotactics\models\checkpoints_relative_v8\episode_1950.pt
1960,A:\AI\InfernoTactics\infernotactics\models\checkpoints_relative_v8\episode_1960.pt
1970,A:\AI\InfernoTactics\infernotactics\models\checkpoints_relative_v8\episode_1970.pt
1980,A:\AI\InfernoTactics\infernotactics\models\checkpoints_relative_v8\episode_1980.pt
1990,A:\AI\InfernoTactics\infernotactics\models\checkpoints_relative_v8\episode_1990.pt
2000,A:\AI\InfernoTactics\infernotactics\models\checkpoints_relative_v8\episode_2000.pt
