episode,device,n_ticks,reward,buildings_destroyed,contained,policy_loss,value_loss,classification_loss,entropy,corr_V_return,explained_variance,var_return,var_residual,V_mean,V_std,return_mean,return_std,wall_time_s
1,mps,150,-93387.43563226704,305,False,-186560.8451358541,1931891532.529271,0.06322611986349026,4.441368198394775,0.9392488929343806,9.083540024323877e-05,256349084.2457723,256325798.67410284,-0.29211111259957157,0.7742327029792608,-40933.96678901444,16010.905166347477,7.378481209016172
2,mps,150,-92483.74323336089,298,False,3.875213860012591,1.2540907009410633,0.05029856318607926,4.441580147743225,0.7698074866607902,0.5814146871498151,1.0920415771578609,0.4571125652200325,-0.8635985405246417,0.693916603573995,0.029137784590578284,1.045007931624378,6.640942750003887
3,mps,16,-256.3470514961601,0,True,10.37836068868637,5.242737293243408,0.01987174723763019,4.618730872869492,-0.9923210698637605,-3129.9324385822833,2.1196295466304294e-05,0.0663641690532267,0.20147013943642378,0.2530432201277212,2.476634584078034,0.004603943469060442,0.6825942079885863
4,mps,150,-97008.22441021338,312,False,2.6972531533675888,1.1137979041399466,0.06407776014258464,4.448313296635946,0.649879700258918,0.4209510770432632,1.1487759984426167,0.6651975046167472,-0.7365397751082977,0.7365439240614577,-0.06676339779333294,1.0718096838723825,6.281189749977784
5,mps,150,-82813.01979325782,270,False,2.866418547779322,0.48246029860747514,0.07546187554796537,4.4470359992980955,0.9465575827873811,0.8959644321829188,0.622260922074704,0.06473726835842236,-0.5211899334192276,0.748738770752405,0.12512503337557337,0.788835167873938,6.230923625000287
6,mps,150,-147169.00385745245,478,False,-5.5423934860527515,1.8244622891096514,0.0690874769538641,4.446107501983643,0.9704240638890473,0.8149237076005889,1.8178484657934026,0.33644065419300084,-0.22157972874740758,0.8282937055112988,-1.44142465067209,1.3482761088862336,6.461431415984407
7,mps,5,6.167638881608362,0,True,5.50293607711792,1.6743212461471557,0.018456408008933067,4.667502403259277,-0.9807373172863897,-8733.980943954268,2.7483745874107287e-07,0.002400699964788089,0.7058637261390686,0.04848268033750575,1.998891363401502,0.0005242494241685658,0.23834870901191607
8,mps,8,-59.863469472248035,0,True,6.101666748523712,1.5185102969408035,0.016110003925859928,4.652468800544739,-0.7034545781186949,-2498.354529509317,1.8358454731613483e-06,0.004588428698824991,0.7350323125720024,0.06677796130253096,1.9654476099817375,0.0013549337523146097,0.33537225000327453
9,mps,150,-98690.17629348006,329,False,0.13867268952773884,0.0668758145600062,0.06908018356810014,4.425295181274414,0.9619331044260948,0.9220397129707649,0.8437033398650406,0.06577535454340284,0.06239172885815303,0.9361377031760539,0.09556488464142156,0.9185332546321013,6.15242804097943
10,mps,150,-85455.84448538322,279,False,0.044647327413161596,0.3587275683204643,0.05830683269227544,4.42742844581604,0.7923129006268055,0.3194340183687673,0.5262635017229514,0.3581570366467704,0.1944095852971077,0.9775914404580711,0.17052373669987433,0.7254402123696697,6.089109833003022
11,mps,150,-100865.00979345158,329,False,-1.2723878805649778,0.19585375905126057,0.06852621516833703,4.430033078193665,0.9640670184695879,0.840039111322554,0.6124292664245978,0.09796472970935495,0.24914791117111842,0.9884297264352578,-0.06372431661134514,0.7825786007964937,6.352891916001681
12,mps,150,-108337.03718422588,352,False,-2.0222162675857542,0.3136571065414076,0.07193811984111866,4.435626509984334,0.9478092705892445,0.8963269333162787,0.9179661890916333,0.09516836993509849,0.23107818519075712,0.951114578692655,-0.23634959695406654,0.9581055208543751,6.17055362497922
13,mps,150,-123406.28293013858,402,False,-2.8539062326153117,0.45628070490434763,0.07509388582160076,4.440936284065247,0.9710265962127553,0.9356337585092845,1.0152902019026322,0.0653504143188221,0.13702807744344075,0.8925740137080774,-0.48821610606265087,1.0076160984733382,6.171535499976017
14,mps,150,-96755.44862662056,320,False,0.01847404823754914,0.058651255499322964,0.06881483495235444,4.4400570106506345,0.964765890165559,0.8762556474536561,0.47395371776264045,0.05864909594147055,-0.0018134558200836183,0.8249308323694559,-0.0003440979717854678,0.6884429662380468,6.108566375012742
15,mps,150,-153271.7230546444,498,False,-3.9975199073056378,1.536764798845752,0.07038202249755462,4.432849311828614,0.7856675872899042,0.5740155925997341,1.8365965493312455,0.7823614927002437,-0.1631479639808337,0.7828810642257485,-1.0317118964307463,1.3552108874013835,6.156317832996137
16,mps,150,-97577.99419573932,323,False,2.0861932512621086,0.5265253242187464,0.06504508497814337,4.4314313411712645,0.737140584485847,0.43099704325597243,0.5275811099797661,0.30019521150078293,-0.3181998087962468,0.7789140514859382,0.15754183575516248,0.7263477885832421,6.1233130840118974
17,mps,150,-116188.86758505492,379,False,0.4800901419048508,0.33216961638706377,0.07129956174641848,4.433547836939494,0.7602113870053574,0.5428438761899463,0.6863007785247344,0.3137466036781897,-0.39247454235951107,0.7849410062500836,-0.2567431461445214,0.8284327241995781,6.289545499981614
18,mps,150,-102738.8611038213,337,False,1.9649375755122553,0.7656099674670456,0.07250938451538483,4.437923158009847,0.6325076002374145,0.3265443585122788,0.7833812353405981,0.527572512375746,-0.40697448790073393,0.799815403916753,0.0809163246602629,0.8850882641525636,6.109771667019231
19,mps,150,-102753.46351257627,336,False,1.607259847180297,0.4956264857984934,0.05358462886263927,4.442638883590698,0.7360847589005203,0.4755192174357623,0.6324810748829373,0.3317241691116732,-0.35829684232672054,0.7901775807380326,0.046551660391773386,0.7952867878211842,6.20268849999411
20,mps,10,-75.13805154138382,0,True,5.560775923728943,1.51381995677948,0.01577600222080946,4.522623205184937,-0.9830069449894124,-3943.7272444621526,3.891929142442405e-06,0.015352598921708777,0.9283255875110626,0.12196580222296712,2.15244455585977,0.0019727972887355672,0.4847006250056438
21,mps,150,-133780.68862679802,433,False,-2.4173540146897237,0.4267670117707409,0.0541001134365797,4.4487301603953044,0.9476399690327055,0.8646167912495001,1.0937136375502396,0.14807046170573274,-0.18082088256875675,0.7999073021044177,-0.7087380683852583,1.045807648446998,6.256693750008708
22,mps,150,-154475.85205634582,504,False,-3.9392051827317727,0.9672091413491489,0.07568323547020554,4.449669671058655,0.9284469040073604,0.8195980918742458,1.2626175294504103,0.22777861154587967,-0.1442908294002215,0.8118422802852822,-1.0041922922382587,1.1236625514140846,6.223452292004367
23,mps,150,-95881.52302367649,314,False,1.8369669763495524,0.3457404814544619,0.05740585724512736,4.450944142341614,0.8840656403689443,0.7647275477415574,0.6696815698175068,0.15755762516324828,-0.17509085362156232,0.8296764280782145,0.25870962137392617,0.8183407418780436,5.90285387498443
24,mps,9,-6.111036313079964,0,True,4.481295320722792,1.297066370646159,0.013810533823238479,4.560178491804335,-0.3686477832707796,-16408.782964119855,5.677428913804815e-07,0.009316537626975575,0.9879214498731825,0.09624190041350492,2.1227120854179806,0.0007534871540912171,0.3472873749851715
25,mps,150,-125780.68140059292,412,False,-1.540925106438808,0.21586399417484944,0.06323133596529563,4.44590386390686,0.9381665390560856,0.8795208477639347,0.7425482122240844,0.08946157910316362,-0.14023544535040855,0.8301545617803935,-0.49576662310505754,0.8617123720964464,6.013575165998191
26,mps,11,-96.34620893409218,0,True,5.295921845869585,1.3390826691280713,0.01651471040465615,4.519106344743208,-0.9903523887789017,-4939.384253838767,4.287083697033371e-06,0.021179840791712555,0.9805020202289928,0.14348211973571612,2.1285015284086195,0.002070527395866418,0.4421947499795351
27,mps,150,-119006.05988724525,389,False,-0.3533025067196771,0.14773271319549205,0.054994150983790555,4.429001619021098,0.9074886010713467,0.823099834178523,0.8135534029010996,0.1439177318778315,-0.18821758324901264,0.8373570930610954,-0.24998310357179648,0.9019719523915916,5.9564978330163285
28,mps,150,-112487.68714621954,369,False,0.4678249026959141,0.3101826338075989,0.059070649289836484,4.420806099573771,0.8288572490489174,0.6845549128941044,0.9275893490352713,0.2926035030049321,-0.15903945018847784,0.8459505026687973,-0.02645314165217046,0.9631144008035968,6.0771426249993965
29,mps,150,-91175.89603389514,297,False,1.60655783686166,0.2719189903711928,0.04881218461940686,4.4174917713801065,0.897691015816109,0.7790521118821988,0.649648880101187,0.14353854807645194,-0.09881411696473757,0.855488058838865,0.25948805050622126,0.8060079900976088,5.709494124981575
30,mps,10,-13.017155700906507,0,True,4.153468036651612,0.9072422564029694,0.014113756269216538,4.475937938690185,-0.7386553221440707,-10783.24275388506,1.0350622950757478e-06,0.011162363055490274,1.1878046870231629,0.1048983658997722,2.13441965932259,0.0010173801133675396,0.4056735420017503
31,mps,150,-102474.3864836706,338,False,0.3678773182157117,0.2637436764936942,0.07651675229271253,4.40216215133667,0.8489416406433637,0.7016211230868312,0.8441378062624458,0.25187289059253465,0.11584610765178999,0.9068944964438689,0.22479923141072622,0.9187697242848427,5.999821625009645
32,mps,150,-98826.32978039568,322,False,-0.07255492353190979,0.140831356580699,0.0709346989604334,4.397087914148966,0.9166510314908014,0.7995584069044875,0.7018577317344655,0.14068148187525906,0.2505527961750825,0.9369366147795236,0.23831046941555187,0.8377694979733181,5.889080583001487
33,mps,150,-79423.06582458108,258,False,0.20985063134382168,0.629508526898062,0.0482887924152116,4.391498430569967,0.600976493890809,-1.2707901533609816,0.2772057596641886,0.6294761095003902,0.4167811407893896,0.9890152018141725,0.4224740440219636,0.5265033330038743,6.172917208983563
34,mps,150,-135075.05433329425,438,False,-4.738565587202708,1.2638835762937863,0.06747031571964422,4.383567104339599,0.9597080716069406,0.9200783633330668,1.2243748051534593,0.09785403832162189,0.5220854741334915,1.0276252282903549,-0.5577430025179378,1.1065147107713749,6.375125416991068
35,mps,150,-82532.93205198995,272,False,-0.337587697232763,0.2656061643337307,0.0522122539828221,4.379941530227661,0.882308600967988,0.5346225692432531,0.544211912131985,0.2532639414551997,0.5590677463759979,1.0151707931006684,0.44797218270917644,0.7377071994578778,6.100072834000457
36,mps,150,-141406.8528650255,467,False,-5.789569687048594,2.0349067493279773,0.06967455009619394,4.371690042813619,0.8755094346146599,0.7484921885625506,0.9779301536902305,0.24595707269331843,0.5640625137339036,0.9985602445591752,-0.7734537211754695,0.9889035108089315,7.014439708989812
37,mps,150,-176278.87050786003,582,False,-8.363906360467276,4.022546938359738,0.0681404884532094,4.368353350957235,0.9189483119935026,0.819706206492522,1.5636420788839973,0.28191496208991496,0.5021042984724045,0.9523426845534136,-1.4319670425923374,1.250456748106066,6.03278633300215
38,mps,150,-100934.77442705003,331,False,-1.3660501094100377,0.3056339013001564,0.06175301374867558,4.362192630767822,0.8898739863090134,0.5655691405625987,0.44405369547104717,0.19291062855984115,0.4139393805464109,0.9099936351783062,0.07819650792556959,0.6663735404944041,6.219380374997854
39,mps,150,-130277.7923632098,423,False,-3.1315811695655187,0.619696304629712,0.060920270656545955,4.355335346857706,0.9388172144742496,0.8765805858447724,0.9557133855188589,0.11795358614104676,0.285503648519516,0.8500826888224406,-0.42283435301296757,0.9776059459305978,6.366665457986528
40,mps,150,-94731.01752328426,312,False,0.7882699334326511,0.1939404217000087,0.06610253446425,4.349059596061706,0.8679291932405532,0.6699775848281221,0.4927869948850522,0.16263075421725676,0.125745453586181,0.8119102724201274,0.30269083251517415,0.7019878879902788,6.174956542003201
41,mps,6,-10.48735676600645,0,True,2.512635270754496,0.31859629104534787,0.014171654979387919,4.272181351979573,-0.4694701968362634,-5762.573122056159,4.217502482326182e-07,0.0024307883949340314,1.5486276745796204,0.04899480692730934,2.110913655000345,0.0006494230117824731,0.2782859579892829
42,mps,150,-165561.69554854854,531,False,-4.666352744375666,1.5142932968758396,0.08061112768327196,4.3372153981526695,0.7988924160515466,0.6382282748373489,1.0216848150961606,0.3696166781298223,-0.044775841211279234,0.8065939209951607,-1.1146714487088354,1.0107842574437735,5.81469445899711
43,mps,150,-89994.8884710581,298,False,2.6555488610019284,0.9096616323854202,0.06350319971640905,4.336135946909587,0.528139694779898,-0.1899775241140087,0.46088195025567114,0.5484391620740793,-0.1516615771750609,0.8234231718582644,0.4493562777623532,0.6788828693196427,6.839929042005679
44,mps,150,-82441.16317859117,268,False,3.1573666732509933,1.0071678208836239,0.04827988280604283,4.337917227745056,0.6147843420775733,-0.010833918997843694,0.45896199195826026,0.463934349002225,-0.2007531998306513,0.8389197166600244,0.536290539290397,0.677467336451183,6.097401083010482
45,mps,150,-150893.5100110002,492,False,-3.0347904574126003,0.7992582501748499,0.06512962725634376,4.346231292088826,0.7943689050475894,0.6276488398538902,0.9657712761342591,0.3596060551043803,-0.2050316225985686,0.8377313314603309,-0.8680943556867597,0.9827366260266578,6.365984042000491
46,mps,150,-86567.35939649286,281,False,2.527585105774924,0.5492184987050829,0.041656023214260735,4.356558070182801,0.8502319202415558,0.594020104712224,0.4855262954883411,0.19711391460181854,-0.2377128904312849,0.842582793157116,0.3556711207485759,0.6967971695467348,6.2255463330075145
47,mps,150,-116115.57160635284,388,False,0.18401324324309826,0.18107934563343103,0.05466761204103629,4.364511521657308,0.8650014063512862,0.6870159216688934,0.5697717703768088,0.17832949241046842,-0.21781307647625606,0.8396837375658437,-0.16537403440271092,0.7548322796335679,6.097979207988828
48,mps,150,-128020.23531034694,417,False,-1.0481553557453056,0.17980932605557123,0.061995967167119186,4.368766309420268,0.9126104012102991,0.8206903358951774,0.7023153944833765,0.12593193748046025,-0.16166701152920723,0.8572474979408514,-0.39378204293939734,0.8380425970577967,6.180747792008333
49,mps,150,-142187.06986775793,462,False,-2.117654169810315,0.3842687702230008,0.061012153948346776,4.375895806948344,0.904651582761028,0.8168382732360899,0.8503216682195749,0.15574638505586597,-0.11222342592974503,0.870582286981014,-0.5902635805767226,0.9221288783134247,5.915428790991427
50,mps,150,-99041.1135791494,326,False,1.2640172046609224,0.18820585652414593,0.060842753791560726,4.378623712857564,0.9552945362027897,0.796546265082412,0.49211978637214315,0.10012360856425806,-0.08251856848597526,0.9091202228251087,0.21426796667026385,0.7015124990847584,6.1810434590152
51,mps,150,-101800.68589730083,334,False,0.8487216181308032,0.17102383401891075,0.06245135388026635,4.3755554167429604,0.9189173942912783,0.7888855676890414,0.6562946010036457,0.1385532621196318,0.009555334746837616,0.9353257002540818,0.1897512587307826,0.8101201151703651,6.2155936250055674
52,mps,150,-95502.43605097619,312,False,1.220756942393879,0.257652342082935,0.06710991956914465,4.379900806744893,0.9116415507946648,0.8177069951646019,0.8942588232164066,0.16301712798468584,0.13244699999690057,0.9714952521244047,0.44007537406811403,0.945652591185794,6.212408833001973
53,mps,150,-152259.1262496423,498,False,-4.802882889906566,1.2910845728715261,0.06740510099877914,4.3778972641627,0.9422830563876373,0.8871089766512361,1.1272877682532394,0.12726066976665237,0.293975004752477,1.0302694370887224,-0.7848317010904945,1.0617380883500598,5.915786917001242
54,mps,150,-101269.9422309098,328,False,-0.4794896536817153,0.17057155453255593,0.07417508989572524,4.378635082244873,0.952979257795482,0.754174070577787,0.614005166437404,0.15093839070951545,0.38048104000588256,1.0542363677777835,0.24036264437836374,0.783584817640952,6.025063834007597
55,mps,150,-106098.80261474458,345,False,-0.914238709807396,0.15904113897656014,0.07671942073851824,4.381481628417969,0.9761823182899613,0.8319215866983964,0.6354597756988979,0.10680707081646364,0.4079009034236272,1.055474311082507,0.17935317150907898,0.7971573092551418,5.959449999994831
56,mps,150,-125871.3817700025,413,False,-2.3736970472335814,0.3198105563223362,0.06804743813971678,4.390404931704203,0.9888920442110294,0.9672351613769877,0.8721266857872035,0.028575090118640276,0.3807991525779168,1.0199797191859075,-0.15886321244319457,0.9338772327170224,6.054639332985971
57,mps,150,-126994.53289087697,419,False,-2.337973121404648,0.36564517493049303,0.06790596614281337,4.3984899361928305,0.9682262588925006,0.9336735684799139,0.9281858926808002,0.06156325804880312,0.30582816230754056,0.9921121289952395,-0.24560806869857943,0.9634240461400163,6.053924750012811
58,mps,150,-145106.36275898185,475,False,-3.553142525355021,0.803428468964994,0.07171212049822012,4.412613520622253,0.9392042586322018,0.8818498479761471,0.9648852708426421,0.11400134143563467,0.18227733771006266,0.9382463781659455,-0.6480401421777652,0.9822857378800947,5.997688082978129
59,mps,150,-131790.91684967317,430,False,-1.818732068502092,0.30631620643308793,0.06278650468836228,4.431347587903341,0.931654241137345,0.8672645504596403,0.9110341142023461,0.12092652269525182,0.02758939745525519,0.8637226754418406,-0.402979628676252,0.9544810706359483,6.0252411250257865
60,mps,150,-116458.13012319784,377,False,0.43956206073053183,0.05785126599164035,0.07253886597851912,4.450374352137247,0.9645780407968371,0.9300900454836369,0.6572246409140592,0.04594654475333489,-0.1644316878169775,0.7964967064503929,-0.05532293047787702,0.8106939255440732,6.043094374996144
61,mps,12,-156.62868190541866,0,True,7.227812767028809,2.190085937579473,0.018132115714251995,4.7173662185668945,-0.9608835846421471,-5564.819044709423,3.824944123765868e-06,0.021288946849005466,0.6900194237629572,0.14402707278120921,2.162703052828836,0.0019557464364701954,0.5910892089887056
62,mps,150,-85946.82691906912,279,False,3.933386581689119,0.8680986851861842,0.048969028287877636,4.478572511672974,0.9196486968887663,0.8036289270234837,0.40567122076795714,0.079662092897897,-0.35986041742066543,0.7164698405999829,0.5280790934705066,0.6369232455861201,6.197668958979193
63,mps,150,-108806.4112158048,355,False,1.809355771249781,0.2637926636512854,0.05277731402466695,4.487799564997355,0.9166789162377582,0.8376978165949885,0.6519314703003672,0.105809901060189,-0.3974646487832069,0.6989576065434823,5.8002527189040925e-06,0.8074227333314112,6.2954853749834
64,mps,4,14.193805851110785,0,True,6.309339880943298,1.7164958715438843,0.007380066788755357,4.708186388015747,-0.97697105508997,-1967.736043252536,2.3918994779004894e-07,0.0004709018713979616,0.8520690500736237,0.021222214902745506,2.162040361274531,0.0004890704936816869,0.19110320799518377
65,mps,150,-120764.48380620693,397,False,0.3293967911787331,0.2254143228457667,0.05724219917319715,4.49409982363383,0.8917362807941343,0.765403188352749,0.9388775524638989,0.22025768033520535,-0.3552390093108018,0.6968130837024571,-0.2834292332895922,0.9689569404591202,5.974296750006033
66,mps,150,-95471.745682504,315,False,2.82735570538789,0.5206641492690566,0.0534480460640043,4.498777470588684,0.904041005936762,0.8152918450215922,0.6934737976240851,0.12809026568501453,-0.3329394116004308,0.7156149468070366,0.29361775557548964,0.8327507415932364,6.05280537501676
67,mps,150,-152414.13661991243,502,False,-2.504872655843695,0.5502957539242925,0.060824415006985266,4.503220874468486,0.9286125414335993,0.7818894584956921,1.2448512694682146,0.2715151844760373,-0.29241783114771047,0.7196536436059112,-0.8204145946506621,1.1157290304855452,6.010441291000461
68,mps,150,-107473.9786171099,351,False,2.100318481257806,0.5328773391106839,0.06712335564816992,4.506972964604696,0.776435665785344,0.5839828646295644,0.6543246637451448,0.27221027221347865,-0.29007166067759194,0.7391774261376929,0.22048398296144703,0.808903371080344,6.2560446669813246
69,mps,150,-109886.21030505221,359,False,1.6403027685483296,0.6340177040471857,0.06310350604355336,4.504942302703857,0.7558906909094214,0.5713707311034939,1.028274490250305,0.44074854298091576,-0.23866592302918435,0.7664272121544005,0.20095796234576996,1.01403870254064,6.007142249989556
70,mps,150,-94965.16839327572,308,False,1.9229860226313273,0.2983111526578917,0.04916575406988462,4.49839626789093,0.8909889499777432,0.7808990166280577,0.6051071453305943,0.132579570587322,-0.15260327267150084,0.7816520900697845,0.25449817297259736,0.777886331883132,6.0120142080122605
71,mps,150,-123504.6173777465,408,False,-1.154262649700977,0.1649683577092456,0.05645541953543822,4.4949662971496585,0.927742673149931,0.8579606720195818,0.677954242066473,0.09629616494459557,-0.03625859583417575,0.8070299260676775,-0.29831239345776056,0.8233797678267745,6.091615166980773
72,mps,150,-117868.01965449839,385,False,-0.5155692976356173,0.06713455752312636,0.07064845245331526,4.491295504570007,0.959317329675364,0.9069624488383827,0.606910524180586,0.0564654689439752,0.02625956152876218,0.8372869436224789,-0.07703171850209033,0.7790446227146337,6.035985791997518
73,mps,150,-113747.61623360084,378,False,-0.2275700180310135,0.07422182000644559,0.07230604679634174,4.490313453674316,0.9563274198661738,0.9126003467168317,0.8296178762463455,0.07250831474144907,0.06874697881440321,0.8307124577368473,0.027352457104968527,0.9108336161156688,5.792225499986671
74,mps,150,-85484.00150284376,282,False,2.097936669786771,0.2978567382134497,0.05661337145914634,4.485384896596273,0.954476045612249,0.7994761649267881,0.4379892704454597,0.08782728823064175,0.15602818777163824,0.8527156386459883,0.6143178872419996,0.661807578111236,6.28391999998712
75,mps,150,-121373.61958389946,402,False,-1.6860146652410428,0.16594379893038422,0.0685247985397776,4.482029956181844,0.9797874058524068,0.9596432313041835,0.854148566633908,0.03447067613550785,0.25289009196062884,0.888476395003343,-0.10970213903086598,0.924201583332288,5.972080124978675
76,mps,150,-93789.9556030588,306,False,0.12340911163638035,0.4061514154748875,0.0651764111717542,4.4765701007843015,0.7201729765155919,0.21937186172244383,0.5187914806725663,0.4049832277116822,0.3129352693508069,0.9127539087347225,0.278756531968589,0.7202718102720432,6.2612516669905744
77,mps,150,-152174.7954227585,504,False,-5.180892417381207,1.6917100515542551,0.06241977705309788,4.475523487726847,0.8371497267259527,0.6855028034551851,0.9075162142357417,0.2854113051961044,0.3317035961399476,0.9153988816623595,-0.8541710790445135,0.95263645439157,6.420943540986627
78,mps,150,-148354.24465581696,482,False,-4.513430399696032,1.173395749880001,0.06131453661868969,4.478577076594035,0.936264993385698,0.8650651003259194,1.1499475215875208,0.15516805345586973,0.3056532800445954,0.8888769592013025,-0.7034194201058539,1.07235606101123,6.4455287079908885
79,mps,150,-110361.17955055273,359,False,-1.1375710223118465,0.4168251104444789,0.05289317827671766,4.483235708872477,0.781306520585374,0.5780348528311934,0.8080668904491959,0.3409760643506348,0.24182620495557786,0.8641554071310729,-0.033580841688101694,0.8989254087237694,6.362712333997479
80,mps,150,-104402.39366521292,347,False,0.23411867830281458,0.04437668281898368,0.06746826709558566,4.487319286664327,0.9693407293005166,0.9320399149098243,0.6211794581669062,0.04221540883329219,0.160750579982996,0.8326110525938094,0.2072400756772821,0.7881493882297355,6.548816624999745
81,mps,150,-122111.4775140776,400,False,-1.5075062561159334,0.24045005817297352,0.06402251274635394,4.4884262402852375,0.9186668108830887,0.8434995253311509,0.7499839556162076,0.11737284504795753,0.09797923726340135,0.8139346004053207,-0.25284438561301154,0.8660161405055956,6.0938994999742135
82,mps,150,-121055.32266123101,402,False,-0.5590440422482789,0.08938410301083953,0.06504957594598333,4.497418643633525,0.9546796494762056,0.904140432774486,0.8153401451205824,0.07815815345284682,-0.02823173294464747,0.7850340907615145,-0.13418432049462417,0.902961873569744,6.09845525000128
83,mps,150,-115781.87434634207,381,False,0.11672389567519227,0.14266107178263762,0.0702227530007561,4.494721115430196,0.9191864521139944,0.8403338716118879,0.8778108625734233,0.14015666188412768,-0.08474522262811661,0.7978639335035709,-0.03470117728860225,0.936915611233703,6.253330583014758
84,mps,150,-141813.18301072987,462,False,-2.1538764426360526,0.2665951988326803,0.06073446673651536,4.494428397814433,0.9645536592645277,0.9295877249905897,0.7272798298494285,0.051209427388155045,-0.13499798506498337,0.7988211258599184,-0.5990947131851224,0.8528070296669866,6.023590750002768
85,mps,150,-111773.04364390457,366,False,0.8821530344088873,0.12282279537668121,0.05811812842885653,4.495537134806315,0.9425706442429095,0.8875346657491824,0.6762359554962898,0.07605310276731127,-0.20398317779103914,0.7998445987991066,0.012279838700766979,0.8223356708159325,6.142635250027524
86,mps,150,-136167.43100334107,444,False,-1.0461394225487797,0.23384566774739454,0.07713124701132378,4.492826366424561,0.8857761625820826,0.7830034754357226,0.9063613160237306,0.1966772555766543,-0.23580277966956298,0.8052527753555716,-0.42859389245213414,0.9520301024777161,6.262216000002809
87,mps,150,-87527.41395731138,286,False,3.7349931352833905,0.8429316311876756,0.06591495227068662,4.485045976638794,0.847015176823031,0.5630084702641429,0.41009006312749363,0.17920588401555768,-0.25090197190642355,0.7940657812271791,0.5637916773244975,0.6403827473687074,6.184625916997902
88,mps,150,-126386.2953936347,419,False,0.08616362133839478,0.20889655296069956,0.07025205798447132,4.47387718518575,0.84909799201608,0.7126596309882699,0.7209157735950882,0.20714820441118953,-0.2017807151377201,0.7983315195338361,-0.15996743930912746,0.8490675907105913,6.060116166016087
89,mps,150,-84732.00213831598,279,False,3.2279531256202607,0.6368913497816728,0.07171695485711098,4.467303067843119,0.9288897851581692,0.786529361064781,0.4253787097142093,0.09080586495213132,-0.1363950669268767,0.7859964935613964,0.6025808974821472,0.6522106329355642,6.380177374987397
90,mps,12,-45.69882847600801,0,True,6.837744156519572,2.2244249482949576,0.011677572426075736,4.76051664352417,-0.8442510780120285,-9258.791839145611,2.3297593715516016e-06,0.02157308681586653,0.7271823237339655,0.14558689061873084,2.211383070553366,0.0015263549297432762,0.5143148339993786
91,mps,150,-100554.49126319005,328,False,0.9309324286008874,0.09849016866261082,0.06388722981636723,4.449175831476848,0.9575968704772925,0.9140515498626346,0.6580567831295729,0.05655896061236721,0.045216128528118134,0.820795972150272,0.24998723932845796,0.8112069915438186,6.483366833010223
92,mps,6,50.984053159029486,0,True,6.2120875517527265,1.7741978367169697,0.015436946414411068,4.747894922892253,0.32744592411860046,-7116.2958357424795,2.756114252211726e-07,0.0019616080490097013,0.8776364624500275,0.044459171544190726,2.2088900837097944,0.0005249870714800247,0.2543169579876121
93,mps,150,-97939.15515582431,318,False,0.5076444371168812,0.0546229975001188,0.06272644938280185,4.427764801979065,0.9741821452619188,0.9479790112965165,0.8081106705269491,0.04203871606264688,0.25887539361913997,0.904895630322933,0.371055084273575,0.89894975973463,5.958466332987882
94,mps,150,-88019.11457325816,286,False,0.5558896603186926,0.23111913508446985,0.04932086468984683,4.421283094088237,0.8811992967788393,0.5599247390464617,0.5111919347167758,0.22496292406782928,0.39156745575368407,0.9627799101162372,0.47002900461681996,0.7149768770504231,5.822099291981431
95,mps,150,-113045.48036441332,366,False,-1.9263082446157933,0.4545815972493619,0.06303977647175392,4.422525992393494,0.8818087662400397,0.7025930649791823,0.7354251397764012,0.21872053675815592,0.4784052347391844,0.9910572098981489,-0.0072500534551752545,0.8575693206828245,6.823968916985905
96,mps,150,-114634.55323473994,375,False,-2.4337164678548775,0.6928009788160944,0.05471990803877513,4.429088864326477,0.8162323897727557,0.6158022587913461,0.9074839406466187,0.3486532801795591,0.5054800589134296,0.9914915745407801,-0.08116096660416991,0.9526195151510485,6.695963791979011
97,mps,150,-87737.94486299237,288,False,0.06812926669915517,0.19456503175819914,0.050051470237473646,4.43467476050059,0.9364606323490691,0.5003034797087711,0.3890403639494451,0.19440211611837094,0.5104283147801956,0.9668971421868585,0.49766452590514487,0.6237310028765967,6.8294042909983546
98,mps,150,-147089.0229698914,480,False,-5.204325199127197,1.7903931656976542,0.0700453937612474,4.437931957244873,0.8644290578175483,0.7364160285385264,0.9774401220003195,0.25763754922263143,0.4959902090827624,0.9574693817762447,-0.7420548698916887,0.9886557145944788,7.064849124988541
99,mps,150,-133560.05876434542,429,False,-3.330114281177521,0.5952546303967635,0.06031369992221395,4.453959474563598,0.9833816709459111,0.9558704470274693,1.0617251293288963,0.046853455336986524,0.42300807451208433,0.9043803081165791,-0.3175330646762858,1.0304004703652343,7.559028584015323
100,mps,150,-89709.99128610447,294,False,0.7020526801794768,0.08787173885761149,0.05145184796924392,4.465478491783142,0.9793360538189164,0.8442185288281849,0.4349397125037182,0.06775554828487551,0.331549876605471,0.8694027672895445,0.47338142028319624,0.659499592497007,6.622834209003486
101,mps,150,-93431.82933203697,309,False,0.4364239013940096,0.11572036927449517,0.05417829970518748,4.479895728429159,0.9392746245189593,0.878698265227446,0.8664902895822297,0.10510677528989718,0.2714110760390758,0.8189555178314475,0.37443337954126754,0.9308546017409108,6.901057625014801
102,mps,150,-121580.26765716869,407,False,-1.9127384618793926,0.24808958918350982,0.055401697345077994,4.4861851978302,0.9674777865832759,0.9262936732536275,0.8218886351184388,0.06057839228916975,0.255757186015447,0.7877187417943482,-0.1772684481222254,0.9065807383341203,6.262771541019902
103,mps,150,-139862.06451299932,455,False,-3.505636345545451,0.6580465888460942,0.056032037381082776,4.494605547587077,0.969320072957642,0.9132103218732253,0.940583153890089,0.08163290917758749,0.20999799196918806,0.7825886679585888,-0.5492211306791633,0.9698366635109692,6.3178579160012305
104,mps,150,-89383.75145964886,292,False,1.594672533373038,0.1974132768914569,0.052727953667442005,4.503594311078389,0.9332730242869937,0.8624354248761555,0.5424627907755254,0.07462366333353009,0.11701737746596336,0.7555304175775284,0.4674308671134972,0.7365207334322132,6.422611374990083
105,mps,4,14.511025535235909,0,True,4.54052060842514,1.0112033933401108,0.011187133844941854,4.640062928199768,-0.930964131897539,-2319.9053909470517,2.141677040265981e-07,0.0004970629788420841,1.2006329894065857,0.02186343500272201,2.205971883249331,0.0004627825666839646,0.21482787499553524
106,mps,4,9.611904718107603,0,True,4.058429002761841,0.934209942817688,0.01033644238486886,4.621894836425781,-0.9671152524341571,-7432.03370777835,1.1798301566749061e-07,0.0008769717324017989,1.237697809934616,0.029281388571007597,2.203789375575683,0.0003434865582049618,0.22660483300569467
107,mps,150,-107950.35731172211,357,False,-0.07560555257407638,0.11272499367449744,0.05175087747474511,4.500268001556396,0.8917129995197034,0.748392680219602,0.4479450126253039,0.11270624403564923,0.04090786616007487,0.7415379436600621,0.04523789772766563,0.6692869434146343,6.305667416978395
108,mps,150,-89875.83173450574,293,False,1.5229861004898946,0.3167255910242481,0.05378346905112266,4.490568731625875,0.8420560470629415,0.7014859006466865,0.6100608167783347,0.18211175527133136,0.048656364729007084,0.7256677852515157,0.41555395049574795,0.7810639005730163,6.222316541010514
109,mps,150,-101338.03083593231,329,False,0.7340354814815024,0.5048124752397052,0.04927569378788273,4.480584996541341,0.6076239021348935,0.2862555150876208,0.6420020343958016,0.458225411352531,0.10410003503163656,0.717629057814391,0.3199404135420398,0.8012502944747051,5.919437499978812
110,mps,150,-111749.29918217493,367,False,-0.9434552424152692,0.224564579964499,0.05179617712895075,4.469245664278666,0.8494844707785721,0.7214692180493057,0.6797721753089148,0.18933747553711644,0.18107013016939164,0.6901324136215673,-0.006618711375331115,0.8244829745415697,6.156215542025166
111,mps,150,-106078.35171509568,346,False,-0.8301300449172656,0.1628815731173381,0.05188427686070402,4.458887414932251,0.9098247932979886,0.8194461323871189,0.7178365104109323,0.12960815826842803,0.27182833760976793,0.6935001371663668,0.08941831246133086,0.847252329835057,5.811896583007183
112,mps,12,-106.95088431707842,0,True,3.867047429084778,0.8238661189874014,0.013176778719450036,4.5388137102127075,-0.9908639849862174,-4499.4830450366235,4.155674260012197e-06,0.018702541547880012,1.3115890125433605,0.13473703656659522,2.2088980847562314,0.0020385470953628217,0.5519213750085328
113,mps,4,16.739610459673923,0,True,2.8496141731739044,0.5355505123734474,0.008653981611132622,4.495909333229065,-0.9555102383800573,-6634.52952720401,1.2567148405389572e-07,0.000833896843167173,1.4754705429077148,0.028538352734642572,2.2067137704915427,0.00035450174055129223,0.1730037090019323
114,mps,8,-64.11254099517188,0,True,3.4226140081882477,0.5367333553731441,0.0054571739747188985,4.472273230552673,-0.7543039649311154,-3315.4501688282603,1.3879575431890886e-06,0.00460309202843591,1.4729633778333664,0.06695302410989894,2.2024359187582214,0.0011781160991978204,0.35663462500087917
115,mps,150,-71637.88042878873,233,False,1.2942560160532595,0.1817217501214327,0.0593375871439154,4.42100902557373,0.9327471240544445,0.6736425448558946,0.3081185761522704,0.10055679439568022,0.5333410659184058,0.7637343339257431,0.8182357023593824,0.555084296438181,6.437693208979908
116,mps,150,-122562.24912782529,402,False,-3.52958574394385,0.7923302550598358,0.07393918589999278,4.399239861170451,0.938342448925544,0.8669716152874536,0.9156906094164846,0.12181284266712224,0.6570791308333477,0.786670843725791,-0.16177214994368216,0.9569172427208554,7.29548766699736
117,mps,150,-124645.29467358369,415,False,-4.016350527207057,0.9329951758186023,0.07630849761577944,4.3903556823730465,0.9451027915436493,0.8932126335123922,0.713202702604551,0.07616103838298455,0.7077883294224739,0.8003301704386847,-0.21786502459424953,0.8445132933261329,6.530052332993364
118,mps,5,13.945315688549691,0,True,1.0943899273872375,0.1339672952890396,0.003431385988369584,4.265437412261963,-0.9650377009137112,-5757.1685373197615,2.613787462786675e-07,0.001505062873145908,1.8367271184921266,0.03830153078957625,2.2006807900092684,0.0005112521357203973,0.2742952079861425
119,mps,150,-104631.93818376907,348,False,-2.6970743151505787,0.4534482812260588,0.07109084905125201,4.363771959940593,0.9359643358957829,0.8756848511298561,0.7077948675592257,0.08798962433014897,0.7338079484303792,0.8030445658712614,0.12927618299275895,0.841305454373871,6.041218875005143
120,mps,150,-117931.53123451301,390,False,-3.6052443050344785,0.8092311229754705,0.08636529590934515,4.344627195994059,0.883450146542016,0.7804785283233899,0.8109601677967515,0.17802316950585356,0.7206917495528857,0.7977135878105527,-0.0737942180606463,0.900533268567437,6.3016264170000795
121,mps,150,-118602.17171363752,387,False,-3.1942172930948436,0.7227347894241939,0.05849924595405658,4.335457167625427,0.8537674495246466,0.7235310928577247,0.7236550815929182,0.2000681295559482,0.6521076157192389,0.7887232414660219,-0.07084927088032145,0.8506791884094251,6.23082104200148
122,mps,4,20.812252255921837,0,True,0.8573335260152817,0.04219957813620567,0.01629821863025427,4.031974911689758,-0.9730003099851487,-19056.778622987273,5.7060006173945705e-08,0.0010874369658893442,2.0036625266075134,0.032743840189313526,2.2064238237716003,0.00023887236377183885,0.2679856659960933
123,mps,17,-71.19125480330568,0,True,1.8005874823121464,0.347489784416907,0.012261374743984026,4.090225514243631,-0.33207080942300643,-43204.01274475795,2.140599055934422e-06,0.09248460949306354,1.6978477730470545,0.3036238465798721,2.2028281259571463,0.0014630786226086491,0.6550587920064572
124,mps,4,17.54581343559417,0,True,0.2577548660337925,0.009671370673459023,0.00747441709972918,3.8542178869247437,-0.9217566673785453,-5718.783693741246,2.1806933699675218e-07,0.0012473094378589876,2.1060051321983337,0.03488636308684369,2.1977878646191114,0.0004669789470594495,0.15205979201709852
125,mps,4,8.237077745385314,0,True,-0.1270341807976365,0.0035547984080039896,0.0036539542488753796,3.639932155609131,-0.9623188709813605,-4700.515848270418,3.7538459580853716e-07,0.0017648766263904227,2.238257110118866,0.04142050471250674,2.195949654499443,0.0006126863763856163,0.15546962499502115
126,mps,5,6.136222257341179,0,True,-0.26844666004180906,0.011411676835268735,0.0025110025424510242,3.529795742034912,0.03785351890246492,-10124.042155649999,2.031634079312723e-07,0.0020570380697896495,2.290467929840088,0.04536940696871195,2.1937485907353147,0.00045073651719299636,0.19977170799393207
127,mps,6,49.21338618578478,0,True,-0.10800084696772198,0.007888675202593731,0.0017201724889067311,3.543721834818522,0.5799258392364236,-7904.277675031133,5.527821696671578e-07,0.0043698965450250545,2.252691864967346,0.06653358897387031,2.1933725834310778,0.0007434932209961015,0.2338709169998765
128,mps,150,-103451.20867553602,336,False,-0.23931663612524667,0.6816131313564255,0.09255250153364614,4.224928792317709,0.5412117791362209,0.05747173637657632,0.7211064968123738,0.6796632543281366,0.25800849373141926,0.8716252365496726,0.2138510349431201,0.8491798966134171,6.262035458988976
129,mps,4,19.151392202415543,0,True,0.32543165795505047,0.00886235520010814,0.001787476910976693,3.7881823778152466,-0.9670407655262984,-7239.309958236301,2.182624927177643e-07,0.001580288099533907,2.105170488357544,0.03930087201628996,2.1905055220241487,0.0004671857154470418,0.19040479199611582
130,mps,150,-97048.58248148533,320,False,0.5495093437035878,0.6273975449994517,0.09933665981050581,4.2975191974639895,0.590916956512613,0.1267191175701995,0.6932142659200813,0.605370765855615,0.20283741163710753,0.8846966625137218,0.3512516041222122,0.8325948990475989,5.992452709004283
131,mps,10,-4.83245956165328,0,True,1.0989633858203889,0.09929672526195646,0.0026900922297500075,3.9978278160095213,-0.44924473257466585,-28694.48607375084,6.56721424853971e-07,0.018844940501230933,1.9037359714508058,0.13691090558679817,2.1873761989403535,0.0008103835048012583,0.4652736250136513
132,mps,5,3.6863681563698947,0,True,0.49337035715579985,0.017949320003390314,0.0014763104030862451,3.958082342147827,-0.9363663907446679,-4780.884541130848,3.4992914874818843e-07,0.0016733207868900393,2.0557190656661986,0.040351811074685155,2.183296474654559,0.0005915480950423122,0.20017808300326578
133,mps,150,-110731.37788434795,361,False,-1.3046010106926162,0.37514992312284373,0.11587537037984778,4.305383717219035,0.8250568147584099,0.6284961644864048,0.735377770747828,0.2731956623842554,0.3090922412524621,0.9034882927945507,-0.01021052809166542,0.8575417020459285,6.463738958991598
134,mps,150,-164062.30015224413,537,False,-6.125742372572422,2.3098156609532694,0.12574616292413945,4.311920189857483,0.878453831400142,0.768784196045264,0.9501432316019871,0.2196881311670043,0.3371959500263135,0.9087397564316014,-1.1085313842643392,0.9747529079730858,6.377718249976169
135,mps,150,-137957.93643839168,443,False,-3.5663639274984598,0.9444625058738165,0.11868729661063601,4.328723651568095,0.8179303097660793,0.6010980294199677,0.736825197700432,0.2939210233357242,0.315360956415534,0.9257938294989577,-0.49120055612517327,0.8583852268652065,7.020170875010081
136,mps,9,3.4041757641093113,0,True,0.7119524528582891,0.05575292366039422,0.0024506182849614155,4.092436366611057,-0.4817656190349723,-17662.641363673454,6.995247246180339e-07,0.012356153860675385,1.9791501495573256,0.11075288450850636,2.187469085063075,0.0008363759469389552,0.37558670798898675
137,mps,6,-15.082060694946236,0,True,0.43694010252753895,0.02030718163587153,0.002022341825067997,4.064747492472331,-0.9535391751261854,-5106.072356297105,7.826262905152481e-07,0.003996929093601771,2.055474817752838,0.062377149537596925,2.1831864196864554,0.0008846616813874376,0.28327066599740647
138,mps,150,-101934.17432051181,335,False,0.30238835260272023,0.6490228669991545,0.09498150074699273,4.340460856755574,0.6354262990846399,0.25839542679672645,0.8603161362932612,0.6380143810756533,0.18785497009754182,0.9430239208559862,0.29277629248584264,0.9275322831542098,6.491585957992356
139,mps,150,-153268.4958959982,501,False,-4.47551649602751,1.4203343914181459,0.08733832706154014,4.333556027412414,0.8143614298816528,0.6606475448078191,1.1941630792858045,0.40524217285549274,0.18840879497428736,0.9449576605296615,-0.8191090485975407,1.0927776897822377,6.153876500000479
140,mps,150,-161269.82593583278,520,False,-4.3388084282601875,1.8342128051824693,0.09719125735728691,4.333752953211467,0.6049678664809688,0.316159345019412,1.3166193067637189,0.9003578090973893,0.15280951403081416,0.9502951448010696,-0.8135522104042294,1.1474403281930259,6.181103415990947
141,mps,150,-99469.97686093969,327,False,0.8034451513985793,0.4192612877424108,0.06422954647801817,4.346847327550252,0.7596028281220015,0.36980980024296284,0.6068922944292061,0.382457576257348,0.08442963620026907,0.9463539546364143,0.27627258162201185,0.7790329225579662,6.263302709005075
142,mps,150,-110980.36975142176,361,False,-0.639545452222228,0.2537940009835438,0.07307502547589441,4.35656435807546,0.8627783370726537,0.6856063201702546,0.7520250036647304,0.23643190822613236,0.0888321388264497,0.9584437753940857,-0.04293315768413434,0.8671937520904601,6.2556112080055755
143,mps,5,4.540203656258832,0,True,0.9779903173446656,0.04834630750119686,0.018237603828310966,4.1074831008911135,-0.9338492680529316,-9626.508412160363,4.4946220494161127e-07,0.004327201159023508,1.969577383995056,0.06515495743710223,2.1793846938204875,0.0006704194246452077,0.2296872910228558
144,mps,150,-123969.50325562432,409,False,-1.501469855606556,0.2848593382588842,0.06827816035598516,4.378204868634541,0.9118883522118694,0.7919897216511675,0.7933648537841056,0.16502804406781257,0.07137366394201915,0.9893669789320843,-0.2747929085825012,0.8907103085650832,6.069398082996486
145,mps,150,-100806.7364572542,334,False,0.5317262310472628,0.3937173696905362,0.05723642426232497,4.3846971130371095,0.8323304860342696,-0.30934195774554163,0.2948343853905487,0.3860390313779645,0.042210606336593626,0.9955049704455735,0.1298367372458029,0.5429865425501342,6.143246457999339
146,mps,150,-102515.62270046069,334,False,0.8220706648876269,0.2777971113446074,0.04886129230260849,4.390176633199056,0.8622188427125442,0.6688439981541092,0.7660067085447518,0.2536677189888106,0.004526788691679637,0.9936415355114546,0.15986318060440666,0.875218091988935,6.05829575000098
147,mps,150,-88465.19795809129,288,False,2.001375947246949,0.4493150032144088,0.05749419445171952,4.404993629455566,0.8814104927740165,0.5764702117002952,0.5598022200413972,0.23709291574383773,-0.0028001300245523455,0.994421979084471,0.4578755529164395,0.7481993183914278,6.070713916007662
148,mps,150,-129842.76789666216,430,False,-2.024989352294554,0.38681298718615076,0.05543545922264457,4.413708308537801,0.9065969713693789,0.8152943850997005,1.0580115155544685,0.1954206675520858,0.04583082437515259,1.0162362045300823,-0.39165325492286385,1.0285968673656694,6.1516865830053575
149,mps,5,21.169629366565307,0,True,2.0867941856384276,0.25594750940799715,0.006672856397926807,4.351777267456055,-0.9906820245064069,-27704.122450217543,1.712802493327607e-07,0.0047453402810679265,1.686194610595703,0.06847640340925855,2.187395376968428,0.00041386018089780113,0.22180758402100764
150,mps,9,-24.354848291622886,0,True,2.1729557381735907,0.304811480972502,0.005515688098967075,4.363858169979519,-0.8014065066183775,-8339.939859393613,1.2517923380824567e-06,0.01044112460839549,1.6426090002059937,0.10128298812229175,2.1851680873302213,0.0011188352595813454,0.3220628749986645
151,mps,150,-121059.45246419417,395,False,-0.9377614457408587,0.20646428766048,0.07734182088946302,4.419874606132507,0.9150332777431226,0.8135898102137559,0.8539486732391656,0.15918473424622423,0.026324982543786367,0.9878268807161023,-0.1911136408680484,0.9240934331760862,6.019799333997071
152,mps,150,-78878.78336261024,256,False,3.1767252834141253,0.8275819335062988,0.069632020695135,4.41752289613088,0.8486746495123721,0.21897207155251464,0.3939153503165056,0.3076588900413659,-0.01701970860362053,0.9770162471838243,0.7040371828815883,0.6276267603572251,6.1219447500188835
153,mps,150,-92613.26740863426,304,False,1.3791527827518681,0.3539260991357878,0.07184657416306436,4.415283403396606,0.8754234286575394,0.2732922004085495,0.37444922315513507,0.2721151710177962,-0.011437190100550651,0.9653786396270683,0.27458890826834065,0.6119225630381144,6.419332207995467
154,mps,5,9.84234993558514,0,True,1.5284916043281556,0.16544000506401063,0.012887508980929852,4.2763816833496096,-0.9628437790055635,-19883.186051747303,2.1287595415727056e-07,0.004232865078406397,1.7810505867004394,0.06461611165163245,2.1825566750858973,0.0004613848222008073,0.24340708399540745
155,mps,150,-97895.56296949972,322,False,1.7000705637410283,0.803629295631869,0.06061819634089867,4.412852644920349,0.6593205320906973,0.35016732292260244,0.9797047388985543,0.6366441532238603,0.04418433840076129,0.9403813031863244,0.4528224906659136,0.9898003530503281,5.757864457991673
156,mps,150,-130260.29817991775,425,False,-1.476413777701479,0.7924302752226746,0.07759908425311247,4.407050913174947,0.7006764662759699,0.4804705259277604,1.359972706216223,0.7065459048131147,0.11708555179337661,0.9364806704198735,-0.17597478347570983,1.1661786767970947,6.166666334000183
157,mps,4,26.318836810863964,0,True,0.926544301211834,0.0672973832115531,0.039968809112906456,4.209858179092407,-0.9615868663344217,-12431.664591641978,1.4343937374496674e-07,0.0017833336230063481,1.918159306049347,0.04186522143763735,2.1741164089790725,0.00037873390889246603,0.22829729100340046
158,mps,150,-127396.9224629805,417,False,-2.277297149312993,0.48889434806947973,0.05821620732545853,4.393432024319966,0.8713411450111473,0.7558103261605235,1.0193072134676613,0.24890429599889388,0.2755404974023501,0.9387988366092014,-0.2143472961034785,1.0096074551367284,5.9622095829981845
159,mps,150,-95873.11224260276,312,False,0.5018288073331738,0.27783404914339,0.06897882654021184,4.3914151350657145,0.8385310415773352,0.6513817765942466,0.7484349942494414,0.26091807802993555,0.30249159663915637,0.9222391698287759,0.43255302071297935,0.8651213754436087,5.9677119169791695
160,mps,6,-9.86876820522481,0,True,0.8545850316683451,0.06634376384317875,0.006549012769634525,4.179089705149333,-0.96770413938082,-12366.177337866728,5.138199726033013e-07,0.006354502720922851,1.925180196762085,0.07902126772468691,2.170107236744735,0.0007168123691757149,0.30480908299796283
161,mps,150,-129152.54700355674,425,False,-3.0374183022618912,0.6983642355642208,0.09253014453686774,4.370239316622416,0.9075195061140887,0.823555541990168,1.1173203912651717,0.1971449908601166,0.4410371950517098,0.9529267055451074,-0.26693119981066343,1.0570337701630783,6.040613500023028
162,mps,4,28.40284760092694,0,True,0.647240798920393,0.024912797496654093,0.0036398451775312424,4.085180163383484,-0.9909271077608813,-42116.24132605344,8.303846642246674e-08,0.003497351129660417,2.023275911808014,0.05885284439447434,2.169616102697738,0.00028816395753540505,0.20040020800661296
163,mps,4,24.463413226313627,0,True,0.4489660868421197,0.009916608054481912,0.0031273463391698897,4.013545274734497,-0.9859052679923648,-19728.567685546335,1.545569259638359e-07,0.003049341332073474,2.085354447364807,0.054833206171454,2.1682233972799105,0.0003931372864074786,0.15687508301925845
164,mps,150,-132846.6721776684,436,False,-3.8083942468464373,0.967836503762519,0.12588587999499093,4.337673902511597,0.8855774480965641,0.752726190772755,0.8277061838949448,0.20467006101264953,0.4979492396861315,0.9672087940759249,-0.3756447360904019,0.9097835917925453,5.889156249992084
165,mps,46,-538.3675556926237,0,True,7.1108843525871634,2.971308070090582,0.007327306873934424,4.403044467386992,-0.9396366656201284,-26038.49346465698,2.8882052366843418e-05,0.7520740138522999,0.6673327224410098,0.8621702621742836,2.1570421337458012,0.005374202486587514,1.7936226250021718
166,mps,4,29.170791373485017,0,True,-0.518375389277935,0.020064401323907077,0.00202573582646437,3.895528256893158,-0.9744356944094719,-18148.142647162782,1.0359222696271171e-07,0.0018801101042835173,2.2907089591026306,0.04304654674535019,2.1558597918202054,0.0003218574637362193,0.16672912499052472
167,mps,9,0.27639795270611955,0,True,0.10602125152945518,0.03039558737873449,0.0022297859217764605,3.9725812806023493,-0.3737547024208466,-68736.18056235743,4.394528106869847e-07,0.03020674719682675,2.1399707396825156,0.17355202950706722,2.153713154021676,0.0006629123702926237,0.39006712500122376
168,mps,150,-94606.53642846456,313,False,-0.4090921086336797,0.27636245177429203,0.0948185954700845,4.335297722816467,0.8439767683033631,0.6654400887446417,0.7857102455261117,0.2628671500156417,0.5184486701091131,0.939977927052055,0.40227940193987305,0.886402981451502,6.2881544590054546
169,mps,150,-112849.61093525702,368,False,-2.5238930720603094,0.7332461428396289,0.1222176701008963,4.357254710197449,0.7795138905854707,0.49673287823384893,0.7163535703244126,0.36051719950407324,0.5321536024163167,0.9416313199749502,-0.07836170827386477,0.8463767307318961,6.970363750006072
170,mps,150,-102647.16999258284,334,False,-1.4249896840254466,0.3272330413932468,0.08588822842420389,4.3712293863296505,0.8768756042567937,0.7240759744016187,0.7599789874431269,0.20969646158548916,0.5269867795954148,0.9490220685054208,0.18415070636919842,0.8717677370969442,6.578197583992733
171,mps,16,-93.90104793931901,0,True,1.4236381601076573,0.2863148930155148,0.004599794949172065,4.250688880681992,-0.9074287306744953,-58826.14386799324,2.951809177016827e-06,0.17364650312723162,1.8135568089783192,0.41514947166174504,2.1492179189925107,0.001718082994798804,0.7741818329959642
172,mps,4,27.924959058721615,0,True,-0.1731821547728032,0.006177352313102347,0.002690053021069616,4.14737331867218,-0.9922599126217314,-28907.894227043493,7.212520541495667e-08,0.002085059934444767,2.211307466030121,0.04539596165664314,2.1473364094042346,0.00026856136247598364,0.1903999579953961
173,mps,5,9.371787107453073,0,True,0.002063121646642685,0.002579758339561522,0.0030798121355473996,4.211732673645019,-0.9502087238230779,-7420.39081519231,3.216652116429748e-07,0.0023872032472540636,2.1595684051513673,0.04831977836001971,2.1456919327424138,0.0005671553681690537,0.21659091601031832
174,mps,150,-95587.8654134411,313,False,-0.24922759174058834,0.18365426619947053,0.07556744444028785,4.4372221406300865,0.8965015697982653,0.6595259483042619,0.534735293653181,0.1820634920148088,0.3657612081617117,0.933246411682969,0.32587668952415577,0.7312559699948992,6.5764772499969695
175,mps,150,-107516.33383516877,353,False,-1.2557893971477945,0.2000709732485302,0.08941605415971329,4.4545082728068035,0.928484370611214,0.8287940786194664,0.6967883379364521,0.11929428940362088,0.3571967497467995,0.927342293248377,0.07298435229748933,0.8347384847582218,6.826455790986074
176,mps,150,-115152.5368357775,371,False,-1.8333798495928446,0.3401861818136725,0.060823358350122966,4.467178818384807,0.9015991266176814,0.7999411492244016,0.8591609936481797,0.17188276102047598,0.31480770821372667,0.9411397776626301,-0.0954402972894336,0.9269093772576582,6.791437874984695
177,mps,150,-99427.4175972375,325,False,-0.329907310201476,0.1398667507807901,0.06029611229275664,4.477117671966552,0.9232380253891712,0.7724453697684576,0.5837335572081891,0.1328312737642524,0.24916136647264162,0.9213714157990717,0.16528365761219319,0.7640245789293622,6.823628916987218
178,mps,150,-109295.88474763621,357,False,-0.43672685184360793,0.21026712228360073,0.0586241490021348,4.49323961575826,0.8638257788641399,0.6196618970362571,0.5424193670103026,0.20630275305949272,0.1573013900220394,0.8981810324367124,0.09433812040522005,0.736491253858661,6.865503875014838
179,mps,150,-131453.1265352395,433,False,-2.3460561818877856,0.37328486985216536,0.0725501279036204,4.507072243690491,0.9237493155090238,0.8399707849679922,0.6783780026343756,0.10856029925656051,0.08542814450959364,0.8559705339161082,-0.4290857668118526,0.8236370575893096,6.817469792003976
180,mps,150,-124319.11991523704,407,False,-1.2945470082821946,0.21004078254905834,0.07618016637861728,4.518030322392781,0.9039813500167062,0.8025320177360712,0.6755476154103544,0.13339902453829125,0.006862275203069051,0.8424810909276379,-0.2699802062206559,0.8219170368171926,6.757960749993799
181,mps,36,-414.1334137118715,0,True,7.966572483380635,3.3358698752191334,0.018806296555946272,4.751964237954882,-0.9035157607290852,-15462.747923386394,2.74820651762698e-05,0.42497572829991165,0.445298401121464,0.6471612221171728,2.151432681762861,0.0052423339436046806,1.5573905420023948
182,mps,150,-83918.8545741853,272,False,2.953541996143758,0.566981667030268,0.07175709137693048,4.5453167168299355,0.8891503696300476,0.7365200001237096,0.46070058824055166,0.1213853909326275,-0.17214896130065124,0.7613370878147077,0.4953810208498405,0.6787492823131025,6.483645959000569
183,mps,150,-102481.64420007043,332,False,1.3020058294882377,0.23820234491043568,0.07055061299043397,4.5499978303909305,0.8789392219541832,0.7707127982573563,0.6517089350231738,0.14942851806214197,-0.1799624773611625,0.7440071700602611,0.11798689434694341,0.8072849156420389,6.773902165994514
184,mps,150,-148709.7203740954,482,False,-2.6950026952599484,0.5974151648027077,0.09077112254997094,4.5520159562428795,0.8489668161378813,0.7115738342125582,0.924863071951853,0.2667547097214679,-0.15034514787296455,0.7243532665276564,-0.7253759728383112,0.9616980149464035,6.782773540995549
185,mps,150,-81741.7274732303,267,False,3.7240635257959367,1.0545112956749896,0.09837116315029562,4.554383557637532,0.6827274959553931,0.40793449081427013,0.5935048543124063,0.35139375377267723,-0.1610727195441723,0.7117947932889015,0.6774483263745998,0.7703926624211879,6.849078416998964
186,mps,150,-105051.36307616449,353,False,0.931416974849999,0.1584017747524922,0.09748333772799621,4.556017440160115,0.9061223049831012,0.8192377982158847,0.6562710307050335,0.11862899647737256,-0.13860277846455574,0.6994960216586706,0.06082835772528136,0.8101055676299438,6.774150790995918
187,mps,150,-131508.6346024722,428,False,-1.5453122157479326,0.27110787676699677,0.07777386516487847,4.552390166918436,0.9312414334271258,0.8225985245055577,0.9470554979816677,0.16800904271707162,-0.0684673245002826,0.7007058083168672,-0.38955740592754395,0.9731677645615209,6.748869625007501
188,mps,150,-120837.8225392581,392,False,-0.5667909236749014,0.26313720932618406,0.07158706431897978,4.551610945065816,0.8971588363137248,0.7621962711383332,1.067429926790135,0.25383881688923005,-0.040053575870891416,0.7134258545041835,-0.13648175191518683,1.0331650046290453,6.676819792017341
189,mps,150,-162124.53275023063,530,False,-4.235079834063848,1.1632924947616023,0.0722776214654247,4.54515478293101,0.9161279070659103,0.7489783013171807,1.3841321016309904,0.3474471913528319,0.01887511079510053,0.7242578807394014,-0.8843664399985193,1.1764914371260806,6.832583916984731
190,mps,150,-102821.9351378066,337,False,0.7052184427653749,0.08990214177981982,0.06691466725120941,4.5398221111297605,0.9467791202371593,0.8956879969856629,0.6001961894338947,0.06260766672142203,0.03874056262274583,0.7540286681283537,0.20395095737250613,0.7747232986259641,6.7505675830179825
191,mps,150,-138369.0729558292,448,False,-2.723936229000489,0.4560323786607478,0.06383359121158719,4.534511439005533,0.9505835553978278,0.8891397824250236,0.8512736947898356,0.09437238702025522,0.07497782250245412,0.7660675736680681,-0.5264039154417012,0.9226449451386137,6.681177374994149
192,mps,150,-102896.88054819495,342,False,0.3761339632545908,0.05756356149612354,0.05899555303156376,4.528872543970744,0.9594727658658725,0.9151300760890924,0.6056533285638093,0.051401751911598466,0.10237233397861321,0.8041918870883993,0.18086952580244997,0.7782373214924926,6.7090656670043245
193,mps,5,6.296461113092626,0,True,5.272584629058838,1.4358555555343628,0.025525104627013205,4.763923835754395,-0.8669149893134562,-9028.422656224771,2.2587048438642904e-07,0.002039480069091286,0.9573336601257324,0.0447479731541239,2.154754257973449,0.0004752583343681929,0.26461933300015517
194,mps,150,-105581.31748441192,343,False,-0.1754682468622923,0.08944104350905642,0.06066969957202673,4.523172019322713,0.9371491008520733,0.8669956856156416,0.6561537191116296,0.08727127554118919,0.1488443099707365,0.8450493443321283,0.10226353643425704,0.8100331592667238,6.569792041002074
195,mps,150,-111374.20062833373,365,False,-0.38580995209282265,0.04340622633147831,0.06489131587247053,4.522097101211548,0.9738852774086453,0.9466583017394187,0.7049320720720245,0.03760227388267229,0.13904253388444582,0.8532405369490764,0.0628588603866747,0.8396023297204602,6.688640750013292
196,mps,150,-128881.81095040665,426,False,-1.81738851921012,0.21733242868859332,0.06823397466291983,4.52023006439209,0.977745022354781,0.9394171315027886,0.9870927421971619,0.05980090979508244,0.11629793415466945,0.843530408672605,-0.2806044671430572,0.9935254109468775,6.708687749982346
197,mps,150,-116046.46482631352,377,False,-0.7586110462062061,0.12270640300601371,0.05044532837346196,4.522337040901184,0.9408025392076979,0.884611072100891,0.8297393326495158,0.09574273203014987,0.05473040287693342,0.8366426769570459,-0.10947579149472275,0.9109002868862848,6.783076124993386
198,mps,150,-100860.12895487354,332,False,0.7999730467268577,0.15189818259367863,0.045551361621667945,4.525783942540486,0.9071033080031744,0.8201557386061609,0.6935154897171553,0.12472478101336847,-0.04332052893936634,0.7985308033028929,0.1215230378015691,0.832775773973496,6.758631374977995
199,mps,150,-88285.07200626537,290,False,2.4135209524879855,0.35691821455208506,0.046929170489311216,4.527460090319315,0.9202763378566238,0.745257691374831,0.3941956403409089,0.10041830747041992,-0.13386128606895606,0.7779712360610063,0.37259691049230304,0.6278500142079387,6.732957792002708
200,mps,150,-122759.91516837342,408,False,-0.25908372960984705,0.08504564165996271,0.06485733217249313,4.525818416277567,0.9378483134269042,0.8795472374269633,0.6867196618194461,0.08271728037937379,-0.1623152251293262,0.780078332490638,-0.2105683189458161,0.8286855023586729,6.7387024170020595
