episode,device,scenario,n_ticks,reward,buildings_destroyed,contained,policy_loss,value_loss,classification_loss,entropy,resource_entropy,zone_entropy,value_grad_norm,other_grad_norm,wall_time_s
1,mps,topanga_ridge,150,-10472.637318603014,32,False,-20051.464938964844,23515079.165625,0.11113876188794772,4.39464703241984,1.3247624564170837,3.069884565671285,9623094.0,21160024.0,9.615113624982769
2,mps,sullivan_canyon,150,-64564.40287296096,235,False,-95.46389469146729,503.57798946281275,0.09056817966202894,4.4156136894226075,1.2979107292493184,3.117702972094218,38824.0078125,90015.8359375,8.066353750007693
3,mps,single_training,16,-252.42164864777368,0,True,6.894103020429611,2.101063944399357,0.054442955646663904,4.705659478902817,1.312573827803135,3.3930856585502625,129.1160430908203,378.15655517578125,0.8891512499831151
4,mps,sullivan_canyon,150,-42539.5477912553,161,False,4.66928298720469,2.2992754341547212,0.07054199859499931,4.394377288818359,1.23185977379481,3.1625175031026203,3351.957275390625,8236.041015625,7.803756167006213
5,mps,sullivan_canyon,150,-61829.03971294778,227,False,1.0901328406855464,0.48097548318492045,0.09255322273199756,4.421015704472859,1.2396865487098694,3.181329129536947,1164.257080078125,2895.332275390625,8.138393750006799
6,mps,topanga_ridge,150,-9100.855642977445,27,False,9.5187420018514,5.639319903453191,0.11266854639475544,4.44560474395752,1.2542977611223856,3.191306978861491,4633.54248046875,9662.8662109375,7.96535125002265
7,mps,stone_canyon,150,-154127.15764675278,531,False,-12.240486645739292,9.753162204496531,0.07446288169672091,4.4650942945480345,1.266478216648102,3.1986160548528035,2918.658203125,5302.267578125,8.08535754098557
8,mps,sullivan_canyon,150,-43152.62799896717,157,False,3.748523843077322,1.0176535706965903,0.08358530182391405,4.478788032531738,1.276517666975657,3.2022703663508096,1904.7806396484375,4094.1103515625,8.649354042019695
9,mps,topanga_ridge,150,-12450.341672485518,40,False,6.24960802634557,2.3547081438669313,0.12599067026749253,4.487884810765585,1.28435786485672,3.2035269371668496,2562.488525390625,5482.7978515625,8.710057249991223
10,mps,topanga_ridge,150,-17597.85925638499,60,False,4.377971008221309,1.3190950086091955,0.1468400507606566,4.486395422617594,1.2910659583409627,3.195329457918803,1601.08349609375,3306.77587890625,8.734848749998491
11,mps,topanga_ridge,150,-19092.160371716156,66,False,2.9407148786013324,0.8056111861162207,0.11954650619998575,4.480995990435282,1.2956817436218262,3.1853142468134563,822.9542236328125,1854.16845703125,8.071963166992646
12,mps,topanga_ridge,150,-11897.201353299502,38,False,2.494423316580554,0.743512779047669,0.11925673230861623,4.474595104853313,1.30021835009257,3.1743767563501994,481.4940185546875,1104.67431640625,7.609099791996414
13,mps,sullivan_canyon,150,-37673.27003482953,142,False,-1.4196937058803936,0.3243083171687427,0.08002610104779402,4.454433962504069,1.3013336690266928,3.1531002934773764,1091.3328857421875,2225.494140625,7.458484457980376
14,mps,stone_canyon,150,-107163.46776833407,366,False,-8.985721162160237,4.9872607032457985,0.06673560510079066,4.444668896993002,1.3007954454421997,3.1438734563191733,4284.0517578125,8598.2626953125,6.390888207999524
15,mps,stone_canyon,150,-131776.36426276015,448,False,-10.905484689076742,7.088293860753377,0.0857057274878025,4.440378664334615,1.2987467908859254,3.1416318543752033,4955.4599609375,9597.25390625,6.514788500004215
16,mps,sullivan_canyon,150,-46926.1832059369,171,False,-2.2742742324620484,0.7100300366054095,0.11613169287641843,4.443204747835795,1.298735256989797,3.144469504356384,1726.5047607421875,3579.970703125,6.46025100001134
17,mps,sullivan_canyon,150,-50287.00752918701,189,False,-2.191698439686249,0.6377875599760076,0.1071830681959788,4.439882957140605,1.2983375318845114,3.1415454244613645,1644.9488525390625,3459.204345703125,6.408945417002542
18,mps,stone_canyon,150,-151290.3059004653,517,False,-10.420929741064707,6.0304832669099175,0.06850720567007859,4.442029291788737,1.2993419893582663,3.1426872873306273,3857.5791015625,7545.29736328125,6.324506083998131
19,mps,topanga_ridge,150,-5451.887062934556,12,False,3.238057928284009,0.7658006246219157,0.11136916814992825,4.448658116658529,1.3006908774375916,3.1479672304789226,554.2191162109375,1016.9847412109375,6.459729666996282
20,mps,stone_canyon,58,-11468.33037864784,38,True,4.1739903010171036,0.9146687516236099,0.02491635983360225,4.829592129279828,1.379001430396376,3.4505907132707794,180.93275451660156,364.46527099609375,2.838306542020291
21,mps,stone_canyon,150,-88934.51262137551,304,False,-3.3633565225203834,0.5960650793571646,0.057891804010917744,4.457050212224325,1.3030207276344299,3.15402947584788,1192.85009765625,2252.198486328125,7.043177292012842
22,mps,topanga_ridge,150,-13504.370285201621,45,False,2.68604495062648,0.5344628186359068,0.12678182114536563,4.457520815531413,1.3044406588872273,3.1530801614125568,538.4757080078125,950.67041015625,6.24795379198622
23,mps,sullivan_canyon,150,-60423.78410958371,221,False,-1.7344086142691473,0.20963319161872582,0.07995689925427238,4.457821814219157,1.3058849231402079,3.151936877568563,788.53564453125,1597.1475830078125,6.284628667024663
24,mps,sullivan_canyon,150,-50457.42121570881,189,False,-0.7052474410645664,0.0596074736567122,0.08015975350514054,4.4633882554372155,1.311030441125234,3.1523578278223674,420.0859375,881.0445556640625,6.179412583005615
25,mps,topanga_ridge,150,-16892.78986644065,57,False,2.7593543138168752,0.4791995029038541,0.1024176261946559,4.467814075152079,1.3168566195170084,3.150957458813985,823.2041625976562,1514.4095458984375,6.041600625001593
26,mps,topanga_ridge,150,-19389.530086098745,67,False,2.44485510502321,0.3970727029973568,0.10766545890520017,4.470965701738994,1.3213433821996052,3.1496223131815593,767.433837890625,1496.75537109375,5.9789355829998385
27,mps,single_training,150,-108536.371260032,353,False,-6.264939452384909,2.216645173370598,0.08985750697553158,4.469331138928731,1.3239099645614625,3.145421182314555,1574.01806640625,2866.2021484375,6.2342239579884335
28,mps,stone_canyon,150,-151755.85933550383,520,False,-8.826727242879569,4.407778221287687,0.09808568651477496,4.470416016578675,1.3269383804003398,3.143477643330892,2673.517333984375,5209.484375,6.920401166018564
29,mps,stone_canyon,150,-110968.42537876977,385,False,-4.450562567611535,1.0456445867118116,0.08806408469875654,4.481161899566651,1.3303687302271525,3.1507931741078696,1168.8172607421875,2316.93408203125,6.670977874979144
30,mps,single_training,150,-79136.39292654485,256,False,-2.2015152784469927,0.30628324080155694,0.05134794006745021,4.486095178922017,1.3328475149472554,3.1532476727167764,630.4255981445312,1218.7056884765625,6.981282791995909
31,mps,single_training,150,-133205.9290387416,429,False,-6.039398374787221,2.462912469649709,0.06708486255258322,4.494978070259094,1.3364330903689066,3.158544979095459,1139.048828125,2045.461669921875,6.976677707978524
32,mps,single_training,150,-83988.09575906905,278,False,-0.7667522231737772,0.6199419627587001,0.07026191093648473,4.505099622408549,1.3397290070851644,3.165370602607727,791.459228515625,1760.9130859375,7.117232541990234
33,mps,stone_canyon,150,-111249.53205172511,380,False,-2.1531303855776787,0.5406704459913696,0.06661321946730216,4.5123753213882445,1.3422500109672546,3.170125306447347,159.8819580078125,596.9509887695312,7.105551707994891
34,mps,topanga_ridge,150,-20351.125212274306,71,False,5.407695840199788,1.8518202437957128,0.1600224082823843,4.509814100265503,1.343532570997874,3.1662815300623577,2498.0166015625,4530.23779296875,7.263601334008854
35,mps,stone_canyon,150,-26943.53532757717,85,False,5.643405860265096,2.1670866662760577,0.021924086689638595,4.506646070480347,1.3437006370226543,3.1629454390207927,2883.18798828125,5260.40478515625,7.54016087501077
36,mps,stone_canyon,150,-136334.20336023168,469,False,-4.016937271455924,1.4501455653473385,0.08326210756630947,4.5021170806884765,1.3430633417765299,3.1590537230173745,386.4383544921875,790.355712890625,7.438692750001792
37,mps,topanga_ridge,150,-5628.731227693483,12,False,6.860351506868998,2.8209065441290537,0.16034763652520875,4.491443503697713,1.3423578246434529,3.1490856917699177,3099.60400390625,5504.58447265625,7.553012874996057
38,mps,sullivan_canyon,150,-35329.960738195565,130,False,3.946323103904724,1.08051972741882,0.08174111395453414,4.485136841138204,1.3420906408627828,3.1430462185541788,2020.8687744140625,3656.043701171875,6.868640458997106
39,mps,single_training,150,-129751.233791167,422,False,-4.443291877383987,1.741795769595677,0.08341732281260192,4.4780993620554606,1.3406546115875244,3.1374447631835936,668.968994140625,1100.128662109375,8.252797624998493
40,mps,single_training,150,-102519.11171520849,336,False,-1.7970393680036068,0.5499202656922474,0.07166695608446995,4.4655545043945315,1.3394648464520773,3.1260896507898965,125.75371551513672,503.019287109375,7.645235040981788
41,mps,topanga_ridge,150,-3003.3420906301308,2,False,7.015548979441325,2.5241326117515563,0.1067916064336896,4.458147079149882,1.3376512765884399,3.120495812098185,2757.261474609375,4735.74755859375,6.990738124994095
42,mps,topanga_ridge,150,-21428.474881514052,76,False,4.6605860988299055,1.2204054989417394,0.11375162746757268,4.446753636995951,1.3341838757197062,3.112569758097331,1749.3092041015625,2981.525634765625,6.670235625002533
43,mps,stone_canyon,150,-111530.37139304681,386,False,-2.081265174721678,0.5110194132530402,0.06428184712926546,4.438048839569092,1.3298579565684001,3.108190884590149,202.78968811035156,401.68865966796875,6.582504292018712
44,mps,topanga_ridge,150,-13809.135558587623,45,False,4.976368216673533,1.354054780403773,0.10118339190880457,4.4343284304936725,1.3277128847440083,3.106615568796794,1704.7445068359375,3053.671142578125,6.356229084020015
45,mps,sullivan_canyon,150,-42950.96406636669,164,False,2.127111814507904,0.25328950314687515,0.08098781580726305,4.427115896542867,1.3244363911946615,3.1026794989903768,520.9373168945312,1049.075927734375,6.560496833000798
46,mps,topanga_ridge,150,-9753.121740509423,29,False,4.61830443183581,1.1919490675131479,0.10420723070700963,4.420594538052876,1.3214559268951416,3.0991386063893636,1374.5299072265625,2520.937744140625,6.6980209999892395
47,mps,topanga_ridge,150,-19348.435731740617,67,False,3.226824735645205,0.6963582843511419,0.09971373079965512,4.408203040758769,1.3164147448539734,3.0917883046468098,603.9925537109375,1071.0550537109375,7.582054165977752
48,mps,sullivan_canyon,150,-59677.865039992976,220,False,-0.8334101827194293,0.2913191740867963,0.0848064969976743,4.394839582443237,1.3108085552851358,3.0840310446421304,999.0625610351562,1864.9095458984375,7.769330959010404
49,mps,topanga_ridge,150,-5289.3833319450505,10,False,3.5563235880931217,0.8418131306612728,0.10419377916802963,4.392551334698995,1.3080710768699646,3.0844802490870156,644.107421875,1168.5572509765625,7.71002079101163
50,mps,topanga_ridge,150,-10789.715593347,34,False,2.4045897453526655,0.6567920015551014,0.10116058797265093,4.383049774169922,1.303760260740916,3.079289509455363,180.17611694335938,580.7722778320312,8.045831916999305
51,mps,topanga_ridge,150,-4786.380618213973,9,False,2.4308469299754747,0.6706114555549296,0.10326631019512812,4.368620778719584,1.3001003575325012,3.0685204235712686,174.23731994628906,563.1842651367188,7.980360999994446
52,mps,single_training,150,-117336.1681942494,381,False,-7.666197373867035,3.405600938796997,0.06478877781579892,4.3548087994257605,1.3004388435681662,3.054369953473409,3177.887939453125,5267.95947265625,7.88314762499067
53,mps,stone_canyon,150,-96505.82820002701,332,False,-4.768014152844747,1.7652351653575897,0.05978554413964351,4.347257458368937,1.30184179464976,3.04541566212972,2621.735107421875,4794.9013671875,7.922114999993937
54,mps,single_training,150,-108616.9614642627,354,False,-7.262100798288981,3.0137243870894115,0.07447386495769023,4.34487197081248,1.3073188535372415,3.0375531164805096,2941.83837890625,4908.04150390625,7.795814125012839
55,mps,topanga_ridge,150,-8917.940253457295,27,False,1.4535487913588683,0.5811873319450145,0.09646880865097046,4.344099928538005,1.3157857656478882,3.0283141565322875,364.3882751464844,776.2142333984375,8.162318749993574
56,mps,topanga_ridge,150,-11398.92642069165,36,False,1.4210333566647022,0.5397336339110097,0.11172241461773713,4.341644895871481,1.323756815592448,3.0178880818684894,349.5228271484375,678.3660888671875,7.51900587498676
57,mps,topanga_ridge,150,-7033.581704150542,18,False,1.728542998560394,0.4949965310892503,0.10395902673403422,4.3419897731145225,1.3257728107770284,3.0162169472376505,126.48677825927734,354.58209228515625,7.729779249988496
58,mps,sullivan_canyon,150,-58309.611448128984,217,False,-2.7957500161975624,0.911652811440969,0.07412488043308257,4.351936238606771,1.3268802110354105,3.0250560267766318,1886.1446533203125,3097.828857421875,7.785760667000432
59,mps,single_training,150,-128108.59903832864,419,False,-8.64437122186025,4.177244202295939,0.0641779375448823,4.367430869738261,1.3299053279558817,3.037525545756022,3196.398681640625,5397.36865234375,7.80432079199818
60,mps,single_training,150,-127956.74609163408,417,False,-8.38156445423762,3.5764508108297983,0.07766903009265662,4.3736830266316735,1.3320314717292785,3.041651554107666,2922.6259765625,4640.693359375,7.968189708015416
61,mps,topanga_ridge,150,-13760.269392782327,46,False,2.271907338599364,0.44838196139782666,0.09601283688098192,4.383862546284994,1.3349019543329874,3.0489605887730917,599.50146484375,1058.1180419921875,6.610364583000774
62,mps,sullivan_canyon,150,-52416.95929521362,198,False,-0.8268173408756654,0.0794587148656501,0.07698910888284445,4.386096563339233,1.3346592815717062,3.051437268257141,269.84710693359375,434.4805908203125,6.438336708000861
63,mps,stone_canyon,150,-124535.88473136631,425,False,-5.222476904333258,1.7625776514816622,0.06313555713742972,4.395242171287537,1.3347628235816955,3.0604793580373126,888.4832763671875,1483.54150390625,6.307092792005278
64,mps,sullivan_canyon,150,-42581.211139437626,159,False,0.8495443182562789,0.12501224150928464,0.06950853697955608,4.409835405349732,1.3352628501256307,3.0745725297927855,598.4903564453125,1041.306396484375,6.1119545830006246
65,mps,topanga_ridge,150,-24616.861821410646,87,False,2.504538628657659,0.45910155848716383,0.09951753170539936,4.414890610376994,1.3350056910514831,3.079884918530782,958.4738159179688,1685.821044921875,6.272168666997459
66,mps,single_training,150,-92146.61818531781,302,False,-3.051258376358698,0.8396539911392756,0.05850102014839649,4.421210152308146,1.3353712558746338,3.0858388805389403,656.246826171875,1136.32373046875,6.2009922089928295
67,mps,single_training,150,-155307.99625804948,507,False,-8.29611988633871,4.045043578123441,0.05900689659019311,4.433624852498372,1.3353304902712504,3.098294366200765,2194.419677734375,3422.779541015625,7.879181291995337
68,mps,single_training,150,-132072.69051860532,430,False,-5.249823441179857,1.815281910578341,0.06646816920489072,4.4479824686050415,1.3357835054397582,3.1121989631652833,1031.3250732421875,1713.9576416015625,7.220076124998741
69,mps,topanga_ridge,150,-5797.6425162516525,13,False,5.574883725643158,1.8312747226158779,0.09585550161078572,4.465706612269083,1.3356284666061402,3.130078159968058,2370.128173828125,4022.189697265625,7.895859707990894
70,mps,stone_canyon,150,-110949.87531475538,378,False,-2.367725362026443,0.5391819128354898,0.052643659816433985,4.476030066808065,1.3350330440203348,3.1409970204035442,314.66961669921875,577.1558837890625,7.8577564590086695
71,mps,single_training,150,-123375.18609875209,408,False,-3.904623431836565,1.1852724088283624,0.052623801566660404,4.490264064470927,1.3354918424288431,3.154772237141927,818.4270629882812,1342.8349609375,7.902531583997188
72,mps,sullivan_canyon,150,-52052.06673423225,197,False,2.977639686067899,0.8257908221753314,0.07898942835628986,4.505149534543356,1.3354656076431275,3.1696839253107707,1752.537109375,2734.61279296875,7.821513874980155
73,mps,sullivan_canyon,150,-53214.236672214065,193,False,2.658866686026255,0.5403854403148095,0.07461709594974915,4.519662076632182,1.3358822584152221,3.183779827753703,1369.271728515625,2394.399658203125,7.962637334014289
74,mps,topanga_ridge,150,-15325.042338319858,52,False,6.297324509620666,2.2364520847797396,0.1071479808104535,4.527774605751038,1.3351334977149962,3.19264110883077,2626.22021484375,4169.39794921875,7.778544083004817
75,mps,single_training,150,-122205.04733711177,398,False,-2.4989298648263016,1.1594862747932349,0.06803667834028601,4.534072130521139,1.3341223430633544,3.199949803352356,270.4746398925781,740.125732421875,7.94796645900351
76,mps,stone_canyon,150,-112078.70777116956,383,False,-1.2708439311862458,0.4881714004059434,0.05686233272155126,4.543977197011312,1.3333060892422994,3.2106711022059122,240.85421752929688,530.5674438476562,7.895683292008471
77,mps,stone_canyon,150,-116741.5120649627,399,False,-0.8623161021868387,0.7320488321781159,0.060425213227669396,4.548793541590372,1.3333342043558756,3.2154593515396117,674.3432006835938,1167.6649169921875,7.755795249977382
78,mps,stone_canyon,150,-86721.81783921648,297,False,1.0743355708367501,0.2690014153519269,0.05014390164365371,4.555437731742859,1.3352134052912394,3.2202243264516195,753.6051025390625,1239.3367919921875,7.7649585000181105
79,mps,stone_canyon,150,-127209.33721857541,436,False,-2.5086344727501273,0.6470459590905132,0.06178466586396098,4.558775180180867,1.3360096883773804,3.2227655204137164,403.9037780761719,680.317138671875,7.998631291004131
80,mps,stone_canyon,150,-101894.12707400732,350,False,-0.584089264733096,0.183502129307041,0.04407526617248853,4.556997235616048,1.3360762985547383,3.2209209330876667,86.5525131225586,255.65664672851562,7.882956750021549
81,mps,single_training,150,-90547.08068839982,301,False,-0.39161161387960114,0.25580673495462786,0.07839483892545104,4.556744818687439,1.3361208542188008,3.220623957316081,117.1794662475586,330.8907165527344,6.3752856659993995
82,mps,single_training,150,-113929.06980405324,373,False,-2.067416384431223,0.8313541832776415,0.06792477981497844,4.55048395951589,1.3346360596021016,3.215847905476888,254.89013671875,548.8658447265625,6.4005953750165645
83,mps,single_training,150,-134287.7075372339,437,False,-3.666613042851289,1.3019415188829104,0.07233118213713169,4.5519075711568195,1.3319301557540895,3.2199773931503297,777.350830078125,1417.3116455078125,6.2667332499986514
84,mps,stone_canyon,150,-93124.19236029482,320,False,1.3489733037600915,0.22005028142230004,0.059578262008726596,4.553964648246765,1.329777528444926,3.224187134106954,628.25439453125,1109.2554931640625,6.381774832989322
85,mps,single_training,150,-147525.5051179302,484,False,-3.7232178463041783,1.0169357386995883,0.07157084212948879,4.54947652498881,1.3278699866930643,3.2216065390904745,843.4067993164062,1773.1539306640625,6.144214416999603
86,mps,topanga_ridge,150,-16318.955590281956,56,False,8.022760399182637,3.2714845005671185,0.09534691932300726,4.543106737136841,1.3247636500994364,3.218343073527018,2837.129638671875,5871.0380859375,7.890766124997754
87,mps,stone_canyon,150,-147308.98941043214,509,False,-2.0339493890603384,0.6775969709153287,0.06252329985921581,4.5338052463531495,1.3214530309041341,3.212352221806844,350.84716796875,938.8727416992188,7.862953957985155
88,mps,topanga_ridge,150,-21108.56319848049,74,False,8.592189606030782,3.6432430775960287,0.10676715871319174,4.519547173182169,1.3155552744865417,3.203991886774699,3129.96337890625,6466.22021484375,8.0052719580126
89,mps,single_training,150,-91292.40821966596,297,False,3.1399720005194345,0.7633589658141137,0.07326287427917123,4.511428990364075,1.3125759609540304,3.1988530190785727,1541.470703125,3351.296630859375,7.899945834011305
90,mps,stone_canyon,150,-105765.95551076248,362,False,2.1966913189490636,0.381497514427756,0.044922002541522184,4.50583350499471,1.3112337311108908,3.1945997714996337,1007.5460205078125,2037.4544677734375,8.10575762501685
91,mps,topanga_ridge,150,-25506.34527168617,91,False,7.103228792349498,2.619071774681409,0.09136220453927914,4.504279189109802,1.3119199506441752,3.192359223365784,2383.357177734375,5126.4892578125,7.97831508301897
92,mps,single_training,150,-104693.40281574467,349,False,0.011201974519838889,0.3292474659617801,0.06350143435100715,4.500425628026327,1.3135084851582846,3.186917136510213,461.5506896972656,852.3687133789062,7.74083475000225
93,mps,single_training,150,-114039.3335688311,374,False,-1.84539228271693,0.37396296665887346,0.06092069633305073,4.495352671941121,1.3136251576741536,3.1817275206247966,648.0109252929688,1440.875732421875,7.9606275420228485
94,mps,topanga_ridge,150,-21241.200389697475,73,False,5.274533470713844,1.6169230621892046,0.08969591625034809,4.492285041809082,1.3156201076507568,3.176664934158325,1355.871826171875,2615.275390625,7.638946666993434
95,mps,single_training,150,-90220.08999169833,298,False,-0.7974178928385178,0.14963143626379558,0.06262871189663807,4.484273327191671,1.31694788535436,3.1673254776000976,296.3297119140625,650.4720458984375,8.001062833995093
96,mps,sullivan_canyon,150,-45112.47252991823,166,False,2.3139225710711133,0.4578623649787187,0.06450644051035245,4.48636945883433,1.3192654697100321,3.1671039867401123,284.04083251953125,797.737060546875,8.037324625009205
97,mps,stone_canyon,150,-165212.48427699867,567,False,-6.637303068439166,2.3974872622142236,0.05849676524599393,4.484782538414001,1.321241626739502,3.1635409053166708,2016.1334228515625,3574.617431640625,8.044148084009066
98,mps,stone_canyon,150,-123087.64125628039,425,False,-3.3845551371574403,0.6384062705437342,0.05546193938702345,4.490366444587708,1.3229632512728373,3.1674031829833984,1202.539794921875,2176.05517578125,8.141507541993633
99,mps,sullivan_canyon,150,-35886.33240039071,131,False,2.4533242651292433,0.4699210897714693,0.06430443234120806,4.497597983678182,1.3245709586143493,3.173027049700419,336.86279296875,776.3056640625,7.935188250005012
100,mps,single_training,150,-89741.8299309527,294,False,-2.254291849732399,0.34989167995892484,0.059419367983937266,4.502185486157735,1.326821056207021,3.1753644323349,892.5272216796875,1549.5394287109375,8.095752374996664
101,mps,topanga_ridge,150,-11086.703503089659,35,False,4.374896278778712,1.2110275291651487,0.10227017348011334,4.507916344006857,1.328183209101359,3.179733141263326,901.9715576171875,1701.2181396484375,6.299923124985071
102,mps,sullivan_canyon,150,-50027.80883744099,186,False,0.7968498833974202,0.18459297744466313,0.06663198083639145,4.509285542170207,1.3291598423322042,3.1801257069905597,149.16209411621094,325.9423522949219,6.432246582990047
103,mps,sullivan_canyon,150,-60834.68725876413,228,False,-0.4222351758896063,0.2692784110521158,0.07344577153523763,4.517216924031575,1.3308949621518453,3.1863219610850018,627.1275024414062,1113.8642578125,6.360373917006655
104,mps,sullivan_canyon,150,-58738.28645082809,220,False,-0.2001787412663301,0.23196616712826654,0.07034026025484005,4.529150714874268,1.3329759629567464,3.19617475827535,537.512939453125,1016.9365844726562,6.32199016699451
105,mps,sullivan_canyon,150,-68233.75399584303,246,False,-0.8724008871164793,0.20222277031855204,0.07023737142483394,4.539678967793782,1.3342345976829528,3.205444351832072,625.18505859375,1177.9608154296875,6.278059333999408
106,mps,topanga_ridge,150,-14021.428665397289,47,False,4.121285744508108,1.089190124819676,0.09012825412054856,4.551311818758647,1.3345287346839905,3.2167830880482993,1040.1151123046875,2039.9173583984375,7.798189500026638
107,mps,stone_canyon,150,-103050.528570601,350,False,-3.0632093862692513,0.5112817748915404,0.05481913518160582,4.558891366322835,1.3350121903419494,3.2238791767756143,872.1990966796875,1564.5438232421875,7.9218588339863345
108,mps,topanga_ridge,150,-15189.404407097723,51,False,4.421943202813466,1.1870560816427072,0.09670416840662559,4.564317893981934,1.3340022389094035,3.230315670967102,1224.14208984375,2277.604248046875,7.979614042007597
109,mps,topanga_ridge,150,-8070.7811192021445,22,False,5.178779228925705,1.5078721553646028,0.09138501844058435,4.570154472986857,1.3349606625239054,3.2351938009262087,1546.5504150390625,2992.3486328125,8.121665625018068
110,mps,sullivan_canyon,150,-66028.48481194282,239,False,-0.12436731815959017,0.0849115658881965,0.056233902275562284,4.572539253234863,1.3367616963386535,3.2357775529225665,145.0355987548828,297.44464111328125,8.111242832994321
111,mps,topanga_ridge,150,-18386.49579734802,63,False,4.157790316442648,1.0605399372801185,0.10189911185453336,4.575764344533284,1.3375247486432393,3.238239593505859,1185.4554443359375,2238.80126953125,7.939532082993537
112,mps,sullivan_canyon,150,-48729.55045834192,182,False,1.661155404037175,0.2327129287374074,0.0680176633472244,4.575008198420207,1.3392483655611673,3.23575982093811,728.7177124023438,1285.942138671875,8.017131667002104
113,mps,single_training,150,-106237.0828925906,351,False,-3.1230045202126107,0.7190462988927417,0.06397117624059319,4.576636803944906,1.341583672364553,3.2350531355539958,477.1732482910156,881.0390014648438,7.998888000001898
114,mps,sullivan_canyon,150,-37978.75300652765,140,False,2.385128014286359,0.31571691486674053,0.06966010492915908,4.575730962753296,1.3434898138046265,3.232241145769755,742.1923217773438,1287.3182373046875,8.36481108298176
115,mps,single_training,150,-116576.56997066202,385,False,-4.798932176828385,1.1918017612289016,0.0509502616773049,4.573971680005392,1.3456162444750468,3.2283554156621297,1358.1861572265625,2261.550048828125,7.9910788340203
116,mps,stone_canyon,150,-118278.17466496177,405,False,-3.382631814504663,0.6580184170471814,0.05608747623860836,4.57197979927063,1.346769270102183,3.2252105299631753,750.6065673828125,1290.0550537109375,8.072504250012571
117,mps,stone_canyon,150,-117031.62833353008,403,False,-3.899802589515845,0.8146323706721887,0.05350942060972253,4.569989086786906,1.3465632406870525,3.223425833384196,1305.52001953125,2157.300048828125,7.910240041994257
118,mps,single_training,150,-115606.25818533589,382,False,-4.019398173193137,0.9887271886807867,0.06079204876596729,4.5728268671035766,1.3463774649302165,3.2264494037628175,1108.1448974609375,1852.67236328125,8.372304958000313
119,mps,topanga_ridge,150,-14606.363285910855,48,False,5.079474380413691,1.3074016938358546,0.09393287078787883,4.575508902867635,1.345973097483317,3.2295357894897463,1424.2020263671875,2419.873291015625,8.23401579199708
120,mps,topanga_ridge,150,-12344.642576035778,40,False,5.425131693681081,1.4578385645151137,0.0918696653842926,4.575567717552185,1.3461582740147908,3.229409468968709,1557.9090576171875,2572.32275390625,8.31289783300599
121,mps,single_training,150,-158584.22170849476,520,False,-7.381418360769748,2.9782963112237244,0.06902443813780944,4.578481273651123,1.3470683336257934,3.231412925720215,1996.677490234375,3305.273681640625,6.46555270801764
122,mps,stone_canyon,150,-101427.3679126206,347,False,-1.2261831592023373,0.1476567298686132,0.04808336538573106,4.577832989692688,1.3476097122828166,3.2302232519785563,293.1225891113281,533.1893920898438,6.256071166979382
123,mps,sullivan_canyon,150,-56979.42317057704,207,False,1.9158790191014607,0.17682673121181627,0.0646763643498222,4.583640398979187,1.3486447588602701,3.2349956321716307,571.8739624023438,947.6747436523438,6.087254582991591
124,mps,single_training,150,-131550.38990514388,432,False,-4.461694392239054,1.3870507849667533,0.0604375184699893,4.590781434377035,1.3501405382156373,3.240640908877055,1173.010498046875,1927.6712646484375,6.050451459013857
125,mps,topanga_ridge,150,-20625.761115138026,72,False,5.276830886205038,1.3873122934500377,0.09845907446617881,4.594610637029012,1.3511374727884928,3.2434731594721478,1544.617919921875,2538.3271484375,5.986461874999804
126,mps,sullivan_canyon,150,-40943.64110710297,154,False,3.7058642800649007,0.7248345011472702,0.0766720353687803,4.6006553363800045,1.352706839243571,3.247948489189148,1335.566162109375,2309.086181640625,7.602586833003443
127,mps,stone_canyon,150,-118848.0339293836,407,False,-2.240805670345823,0.40884846247616224,0.05174437159672379,4.605518585840861,1.353627541065216,3.2518910439809163,369.4113464355469,615.824462890625,7.771589167008642
128,mps,sullivan_canyon,150,-52859.87690637579,194,False,2.7644227902094523,0.4170618199308713,0.06185728983332713,4.608336251576741,1.3537502312660217,3.254586006800334,1014.4119262695312,1690.4017333984375,8.008779209019849
129,mps,sullivan_canyon,150,-45760.53030608045,174,False,3.375556831359863,0.5997938001155854,0.0760409487100939,4.612641626993815,1.3545705358187357,3.258071084022522,1208.396728515625,2115.070068359375,7.942737417004537
130,mps,topanga_ridge,150,-12760.512238245696,41,False,6.018768785794576,1.7272498985131581,0.08027251476421952,4.613410116831462,1.3550878922144571,3.2583222150802613,1718.4248046875,2804.725341796875,7.916240457998356
131,mps,stone_canyon,150,-92185.8761523012,316,False,-0.5190272056559722,0.06558861261869121,0.04148823426415523,4.616252762476603,1.3556849646568299,3.2605678033828736,112.22318267822266,273.8392639160156,8.149220666993642
132,mps,single_training,150,-103838.3451671422,341,False,-1.7373329228597383,0.589518018474411,0.07421534204855561,4.619365809758504,1.3558018668492635,3.263563944498698,199.0240936279297,577.8472290039062,7.92444245799561
133,mps,topanga_ridge,150,-5773.786143997138,13,False,6.034114777247111,1.8122808609406154,0.09579521351804336,4.622617464065552,1.355314726829529,3.267302737236023,1669.4429931640625,2895.960693359375,8.420413332991302
134,mps,topanga_ridge,150,-7437.415121099641,20,False,5.606136011282603,1.5733539296189945,0.08576973335196575,4.62299555460612,1.354612786769867,3.2683827590942385,1464.709228515625,2403.4482421875,8.132477458013454
135,mps,sullivan_canyon,150,-60847.48195050612,219,False,0.5666915371486296,0.04517282826156294,0.05943521542474627,4.622590401967367,1.3532006740570068,3.2693897263209024,71.52886962890625,218.6588134765625,8.071548457985045
136,mps,sullivan_canyon,150,-43619.460611635914,163,False,1.6594081421941518,0.20859168120002627,0.06258263483643532,4.624613065719604,1.3532836969693502,3.2713293774922687,206.9581756591797,433.0857238769531,8.155530250020092
137,mps,stone_canyon,150,-128695.19519144173,441,False,-5.370729477157195,1.5437258061973262,0.05431736279278994,4.626526114145915,1.3527724877993266,3.2737536334991457,1698.039794921875,2895.768310546875,7.838925042015035
138,mps,sullivan_canyon,150,-83794.67875227722,308,False,-2.6397255587298423,0.6132418631922565,0.0778201445688804,4.630778169631958,1.3527293109893799,3.278048849105835,1228.81494140625,2337.564697265625,8.191473957995186
139,mps,topanga_ridge,150,-19802.7537005148,69,False,3.0960842758386087,0.663642422119298,0.08808198392391205,4.635572153727214,1.3527444394429524,3.282827722231547,468.6767578125,841.7178344726562,8.078601167013403
140,mps,single_training,150,-116691.51921839066,384,False,-5.385432222684225,1.4791375640407205,0.06810389361033838,4.637289044062297,1.352581603527069,3.2847074031829835,1423.5567626953125,2516.97802734375,7.975267709000036
141,mps,sullivan_canyon,150,-42513.75269765292,165,False,0.9571447586516539,0.11044932712902664,0.06827849107484023,4.641994012196859,1.352954038778941,3.289039978981018,64.65709686279297,226.5117645263672,6.509972874977393
142,mps,sullivan_canyon,150,-38092.817401593384,138,False,1.0059154441952705,0.21588562820863444,0.06672922890012463,4.645207058588664,1.3542086466153462,3.290998379389445,131.2897491455078,367.70489501953125,6.5113012499932665
143,mps,stone_canyon,150,-106242.61923317586,363,False,-3.803805023431778,0.6784775671362877,0.050540937166661026,4.6522605482737225,1.3569586737950643,3.2953018808364867,1056.30029296875,1892.8697509765625,6.161004499997944
144,mps,stone_canyon,150,-131863.13666208932,451,False,-6.473882756233215,2.0939685922364393,0.051250778579463564,4.659976425170899,1.3601791326204935,3.299797290166219,1862.25927734375,3359.4833984375,6.136656749993563
145,mps,single_training,150,-131010.45922191546,425,False,-6.864946272373199,2.3898298706114294,0.07033836185932159,4.666008930206299,1.3626025334993999,3.303406392733256,1777.158447265625,3188.255126953125,5.9953536670072936
146,mps,sullivan_canyon,150,-59328.19932898753,215,False,-0.4520368618424982,0.10707905432393545,0.08050890517731507,4.672793741226196,1.3649392819404602,3.3078544521331787,318.9616394042969,627.9139404296875,7.26427945899195
147,mps,sullivan_canyon,150,-57195.52993277215,212,False,0.3264099739616116,0.09166538237464314,0.06066873795663317,4.67883235613505,1.3667351738611857,3.312097177505493,226.7071075439453,578.1473999023438,7.851451708003879
148,mps,sullivan_canyon,150,-60584.07132511474,222,False,0.13481470488011837,0.06419625223383871,0.054357217935224376,4.683665701548258,1.367759308020274,3.3159063990910846,164.6217498779297,432.5818786621094,7.596853374998318
149,mps,sullivan_canyon,150,-53548.19635682055,198,False,0.9220025696853796,0.11428280449821614,0.05826653178781271,4.688537502288819,1.368548065026601,3.319989453951518,364.79510498046875,823.2344970703125,7.721569167013513
150,mps,stone_canyon,150,-143686.95981159035,492,False,-5.776889859835307,1.6303606053007145,0.06315449272592863,4.690864149729411,1.3692523185412089,3.3216118542353312,1214.031982421875,2117.528076171875,6.123095209011808
151,mps,stone_canyon,67,-10831.683286278787,35,True,5.56639044676254,1.3744929584104624,0.04191402140170781,4.835015232883283,1.3827243687501594,3.4522908730293387,261.4291687011719,548.8230590820312,2.6621457090077456
152,mps,sullivan_canyon,150,-31350.438274473316,118,False,3.382457624276479,0.6455132593462864,0.055783456104497114,4.696945041020712,1.3702247508366903,3.3267202758789063,1121.73046875,2012.7479248046875,6.198505417007254
153,mps,topanga_ridge,150,-27183.643960815014,97,False,3.4136828643083574,0.6452254453025913,0.09855051472783088,4.698752272923787,1.3706017446517944,3.328150537808736,820.7841796875,1503.761962890625,6.509258957987186
154,mps,single_training,150,-117779.91424068481,389,False,-4.855029374143729,1.274065417326764,0.07257501916339,4.700722379684448,1.370739164352417,3.3299832328160606,1103.192138671875,1930.1248779296875,6.006323500012513
155,mps,stone_canyon,150,-133281.99732538246,457,False,-4.907780479639769,1.3639134962391108,0.052245928173263866,4.702344767252604,1.3711749736467997,3.3311697959899904,890.140380859375,1430.786376953125,5.966367583023384
156,mps,stone_canyon,150,-123503.3059712759,421,False,-4.274420598844687,0.9217782369570341,0.04096545052404205,4.705897531509399,1.3717515007654826,3.334146024386088,920.9490356445312,1659.14404296875,6.12553120899247
157,mps,stone_canyon,150,-106331.35184767944,364,False,-2.6641809819863798,0.37875295940642806,0.04788038027783235,4.707560345331828,1.3723021610577901,3.3352581787109377,516.6660766601562,889.517333984375,6.10935737498221
158,mps,sullivan_canyon,150,-65800.25929129795,248,False,0.27979935493009783,0.03527326858280806,0.0790970249970754,4.708708012898763,1.3727016297976176,3.336006374359131,96.26962280273438,311.6140441894531,6.110966541978996
159,mps,stone_canyon,150,-110957.61037126431,381,False,-2.5257018534839153,0.4200465070611487,0.04868018387506406,4.710075314839681,1.3729616220792134,3.337113677660624,415.0565185546875,693.5844116210938,6.04718183298246
160,mps,single_training,150,-108742.91320794306,354,False,-2.81250263163199,0.7056370650296958,0.06351035154114167,4.71090630531311,1.3734147906303407,3.337491496404012,380.5928955078125,754.6263427734375,6.247739999991609
161,mps,single_training,150,-112167.36392288447,364,False,-3.53852299845467,0.7604725368681344,0.06113477366665999,4.710844984054566,1.3737731639544168,3.337071827252706,946.629150390625,1636.5223388671875,6.133846832992276
162,mps,sullivan_canyon,150,-59576.30434380468,218,False,2.0537659017244976,0.24996204160153865,0.07339852439860503,4.708432385126749,1.3741174205144246,3.334314972559611,710.9888305664062,1197.61474609375,6.0707423749845475
163,mps,stone_canyon,150,-132441.1720434876,452,False,-3.20655990233024,0.7987965323712464,0.05291092947125435,4.706414718627929,1.3742519124348958,3.332162793477376,388.701904296875,642.133056640625,6.023600000014994
164,mps,sullivan_canyon,150,-46358.321564835875,176,False,4.120212264060974,0.9138898356755575,0.06825181548173229,4.703975610733032,1.3745201420783997,3.3294554583231606,1414.7744140625,2442.796142578125,6.123469584010309
165,mps,sullivan_canyon,150,-48171.1586514898,172,False,3.768469620545705,0.7140312603116036,0.058651749081909656,4.702110926310222,1.3747467025121054,3.3273642237981162,1184.5853271484375,1994.724609375,6.0397354580054525
166,mps,stone_canyon,87,-17901.565607815017,59,True,6.343541301529983,1.8791356768416263,0.020288146389969463,4.8251291910807295,1.3822986230082897,3.442830551629779,510.9729309082031,814.9954833984375,3.683768249989953
167,mps,sullivan_canyon,150,-56122.69032852531,205,False,3.314476904074351,0.6675275364518165,0.08900229854509234,4.703317438761394,1.3756787689526875,3.3276386562983196,1226.8992919921875,2030.4302978515625,6.190333750011632
168,mps,sullivan_canyon,150,-59835.89355037289,225,False,2.8228739738464355,0.5539465885112683,0.08665529415321847,4.704680299758911,1.3760165135065714,3.3286637941996258,1110.86767578125,2101.31884765625,6.0500778749992605
169,mps,sullivan_canyon,150,-35882.05448868156,132,False,4.732061994870504,1.0720032000541686,0.06943516249147554,4.706964728037517,1.3764287320772808,3.3305359919865927,1418.575927734375,2437.499755859375,6.431721500004642
170,mps,sullivan_canyon,150,-34626.91901123314,132,False,4.5689690987269085,1.0033120228846868,0.07308017432068785,4.708953326543172,1.3767946418126424,3.33215868473053,1335.666259765625,2252.7978515625,6.279435874981573
171,mps,stone_canyon,150,-161476.83137131046,553,False,-6.835850876321396,2.5075543099300317,0.05607000920921564,4.71021445274353,1.376694188117981,3.3335202678044635,1630.818115234375,2650.361328125,6.141491832997417
172,mps,sullivan_canyon,150,-42643.94740153881,159,False,3.381913555463155,0.5532028157512346,0.07838231269270182,4.710076974232991,1.376692174275716,3.3333848031361897,970.9871826171875,1617.73681640625,6.611492708005244
173,mps,single_training,150,-130645.7779772668,423,False,-4.845594682097435,1.5220567941704455,0.05692204087351759,4.709040924708049,1.3762553509076436,3.3327855618794757,1010.7540283203125,1728.3797607421875,6.231891625007847
174,mps,topanga_ridge,150,-7793.466628218334,22,False,6.107958804766337,1.746659811337789,0.08580360531806946,4.707175598144532,1.3759795292218526,3.331196077664693,1485.0577392578125,2521.930419921875,6.530027291009901
175,mps,topanga_ridge,150,-6846.7652666216845,17,False,5.897491364479065,1.6608244665463765,0.08043954137712717,4.70491777420044,1.3755464712778727,3.329371314048767,1413.0103759765625,2328.222900390625,6.135148457979085
176,mps,topanga_ridge,150,-8421.23594500451,24,False,5.440883738994598,1.4294075683752696,0.07855789951980113,4.702812747955322,1.3749978931744893,3.327814866701762,1232.018310546875,2189.05224609375,6.693843707995256
177,mps,single_training,150,-168057.0063488101,549,False,-9.0916153798004,4.6966284432196215,0.06425040903190772,4.6981745529174805,1.3737168169021607,3.32445773601532,2221.527099609375,3906.018798828125,6.366265291988384
178,mps,topanga_ridge,150,-12765.68307800972,40,False,4.384134279886881,1.006189806635181,0.08956955132385094,4.694924770991007,1.3729785108566284,3.3219462569554645,852.2320556640625,1439.65966796875,6.319686833012383
179,mps,topanga_ridge,150,-17959.02180713007,61,False,3.5161555666538575,0.7633004530108519,0.08601088769733906,4.690811831156413,1.3719467449188232,3.318865063985189,555.2138061523438,1008.6884155273438,6.484928374993615
180,mps,sullivan_canyon,150,-48981.329538581056,182,False,0.6654146657387415,0.07252183898662527,0.06578129888822636,4.686206553777059,1.3707187302907309,3.3154878441492714,91.97046661376953,342.32684326171875,6.569384375005029
181,mps,topanga_ridge,150,-28645.16725361777,103,False,1.771462518920501,0.4450757121120114,0.08586686075354616,4.682204532623291,1.3696905461947124,3.3125139824549357,161.18284606933594,587.927734375,6.874525124992942
182,mps,sullivan_canyon,150,-73852.26252850961,271,False,-2.497443968798034,0.5788954782511401,0.07530989343921343,4.677546072006225,1.3693120765686035,3.3082340161005654,1094.19970703125,2123.850830078125,7.992752874997677
183,mps,sullivan_canyon,150,-49799.15400170226,188,False,-0.3996751935085437,0.12370537410586863,0.07131946850878497,4.676154870986938,1.3689191166559855,3.307235762278239,409.0598449707031,862.9953002929688,7.380525125015993
184,mps,single_training,150,-118694.8841638703,386,False,-6.869428270657857,2.7394373830563077,0.05065272988130649,4.675782658259074,1.3690842652320863,3.306698406537374,2210.69091796875,4203.97119140625,6.650308374984888
185,mps,single_training,150,-83315.24914635697,271,False,-3.194715239802996,0.5083693694261213,0.07093118870009979,4.676385037104288,1.369559055964152,3.306825992266337,861.6681518554688,1515.5762939453125,6.6100229999865405
186,mps,topanga_ridge,150,-13655.87720679644,44,False,2.8195343936483064,0.5714261944863878,0.09663042568912109,4.6791812101999914,1.3701975742975872,3.308983659744263,396.5025329589844,747.1629028320312,6.63709566698526
187,mps,sullivan_canyon,150,-47721.13094608017,175,False,-0.34469173883398374,0.11922938458194646,0.0544713788293302,4.679961919784546,1.3707350746790568,3.309226835568746,374.80572509765625,670.55078125,6.534762334020343
188,mps,single_training,150,-114911.59351643463,380,False,-5.765847596327464,1.7354940282801787,0.07084891537825266,4.680067942937215,1.3712416799863179,3.3088262685139975,1311.7261962890625,2210.287841796875,6.49055070799659
189,mps,sullivan_canyon,150,-69185.01681239712,246,False,-2.03176102124465,0.31938080420324694,0.06939282668133577,4.683250001271566,1.3720111346244812,3.3112388531366985,784.493896484375,1558.3890380859375,6.534944708022522
190,mps,single_training,150,-101201.38498071447,329,False,-4.135563170711199,0.8857497947787245,0.06770566140611967,4.685990295410156,1.3727079423268636,3.313282346725464,882.487548828125,1572.54052734375,6.506364625005517
191,mps,single_training,150,-142721.30333964113,465,False,-7.615788979927699,2.9665228053182364,0.059688820727169516,4.689407246907552,1.3733926908175151,3.316014564832052,1680.0863037109375,2847.397705078125,6.508389000024181
192,mps,stone_canyon,150,-116059.08857887777,397,False,-3.983124333371719,0.8234141700123049,0.050469756921132404,4.691844263076782,1.3737815403938294,3.318062726656596,837.425048828125,1303.124267578125,6.582246500009205
193,mps,stone_canyon,150,-120718.13852822271,412,False,-4.073355104687313,0.8796352579117229,0.042977791968733074,4.694761788050334,1.3739752157529195,3.3207865889867145,783.6779174804688,1293.43359375,6.5252069999987725
194,mps,stone_canyon,150,-125338.746066227,431,False,-3.5948126106957594,0.9296096544270404,0.0510137787523369,4.694227056503296,1.3738003373146057,3.3204267406463623,379.6986389160156,688.7776489257812,6.532024500018451
195,mps,topanga_ridge,150,-8226.083813919571,23,False,6.187886362870534,1.903189539760351,0.08981280284002423,4.692517798741658,1.3732435417175293,3.3192742760976155,1680.0467529296875,2802.817626953125,6.540944458014565
196,mps,stone_canyon,150,-113332.1967751826,389,False,-2.246505596128603,0.4578813443125303,0.05502452924847603,4.6915469455719,1.3727025405565898,3.3188443994522094,234.0483856201172,482.56878662109375,6.576298375002807
197,mps,topanga_ridge,150,-7180.784036961179,19,False,6.813235649267832,2.4544718072811764,0.0893353727242599,4.690524895985921,1.3721515544255574,3.3183733495076497,1973.6966552734375,3141.945556640625,6.508494334004354
198,mps,topanga_ridge,150,-12321.472697934874,39,False,6.697642595767975,2.27880922327439,0.0765407731756568,4.690375598271688,1.3712783718109132,3.3190972296396892,1899.9088134765625,3191.956298828125,6.566013166011544
199,mps,single_training,150,-105527.00588145708,348,False,-1.3642224254707496,0.713190708415738,0.05335553379108508,4.691526606877645,1.3707649008433025,3.3207616790135703,353.3563232421875,866.6409301757812,6.535816208983306
200,mps,single_training,150,-112556.38702989614,375,False,-1.7960145805853729,0.7792273062969192,0.06867098594705263,4.693945926030477,1.3711741185188293,3.322771813074748,250.92779541015625,689.2213745117188,6.590158208011417
201,mps,topanga_ridge,150,-14886.005750671578,50,False,6.7711920674641926,2.1859599461158115,0.08120341504613558,4.697446174621582,1.3713106862703959,3.3261354955037437,1796.8577880859375,2780.708251953125,9.21554366700002
202,mps,stone_canyon,150,-128406.5232020879,441,False,-2.9244713599234817,0.536553572169505,0.06315108207364876,4.701807963053385,1.3716855907440186,3.3301223627726237,517.730224609375,836.6383056640625,9.593498083006125
203,mps,topanga_ridge,150,-14289.923320482825,48,False,6.697328062057495,2.1396742405494056,0.07302871750046809,4.706308660507202,1.3719864296913147,3.334322241147359,1703.757568359375,2806.1474609375,9.309140625002328
204,mps,topanga_ridge,150,-19956.40435237724,70,False,5.9886217506726585,1.722637643714746,0.07459135989348094,4.712336950302124,1.3727644824981688,3.3395724646250406,1471.3748779296875,2384.7255859375,9.424347124993801
205,mps,single_training,150,-99665.72128702076,326,False,-1.204283808330074,0.2872972064264665,0.05272941296299299,4.718670113881429,1.373995532989502,3.3446745840708414,90.97892761230469,324.67547607421875,9.357405207992997
206,mps,sullivan_canyon,150,-49467.91403224732,190,False,3.2570144828160603,0.5723997989793619,0.06739537689834833,4.722466007868449,1.3744706511497498,3.3479953718185427,939.4723510742188,1581.40283203125,9.791649541992228
207,mps,topanga_ridge,150,-7150.309083212919,18,False,6.721281989415487,2.111900992790858,0.07666828256721298,4.726239995956421,1.3748094781239828,3.3514305289586384,1527.6756591796875,2471.506103515625,9.42554291698616
208,mps,single_training,150,-116441.2792269484,381,False,-3.2111607794758554,0.7893784788219242,0.0562519777007401,4.729374666213989,1.3748222414652507,3.354552427927653,505.6452941894531,826.1486206054688,9.364794125023764
209,mps,single_training,150,-94635.94870603757,307,False,-1.2244951196014882,0.38095918219264907,0.06112201298897465,4.732191960016887,1.3743430328369142,3.3578489287694295,139.76058959960938,411.11907958984375,9.359687750024023
210,mps,sullivan_canyon,150,-60474.444736102654,219,False,1.038058182845513,0.09910412823509736,0.06237907970324159,4.732635663350423,1.3736300388971965,3.3590055815378825,117.82402801513672,282.41473388671875,9.587815125007182
211,mps,single_training,150,-119113.78464850136,392,False,-3.7036817447841166,0.9082369922017339,0.05794539656490087,4.733858451843262,1.3734744501113891,3.360384006500244,555.5634765625,973.2091674804688,9.83455545900506
212,mps,sullivan_canyon,150,-50345.96707229211,189,False,1.7520731208426878,0.1869705874820958,0.06685188936690489,4.733508084615072,1.3728866426150004,3.3606214491526285,254.23138427734375,573.04443359375,9.283319583017146
213,mps,stone_canyon,150,-102843.92787212331,352,False,-1.9635065726439158,0.31524635859318856,0.05152743031581243,4.733970410029094,1.372814679145813,3.3611557420094806,281.4957580566406,702.0604248046875,9.539772042015102
214,mps,sullivan_canyon,150,-37610.66737148243,137,False,2.7093991269667943,0.39904624965041874,0.05103850334882736,4.7333662223815915,1.3729946215947468,3.360371610323588,405.3740539550781,705.5217895507812,9.227515624981606
215,mps,single_training,150,-130568.11335060863,434,False,-5.486887299586088,1.5719272003105471,0.052786829204609,4.733072490692138,1.3733258406321207,3.3597466500600177,1027.48583984375,1785.3165283203125,9.663424041995313
216,mps,topanga_ridge,150,-5074.2178230776,10,False,5.405549961328506,1.494306151966254,0.09400457724618415,4.731722621917725,1.3731387488047282,3.358583869934082,986.1137084960938,1735.4049072265625,8.988304375001462
217,mps,topanga_ridge,150,-29881.90728917312,107,False,2.776925369395564,0.5567819472636802,0.11151822447155912,4.730013599395752,1.3731208364168803,3.3568927605946857,321.46844482421875,734.022705078125,9.413947250024648
218,mps,topanga_ridge,150,-17394.367305732794,60,False,3.753265755788113,0.8780317031522524,0.10368915091579159,4.728503201802572,1.3727908412615457,3.3557123645146687,542.6864013671875,984.6071166992188,9.05797112500295
219,mps,sullivan_canyon,150,-51327.577849633846,187,False,0.6032068806114451,0.0857871127874579,0.05899909077833096,4.7257974878946944,1.3721313269933064,3.3536661513646444,63.81079864501953,221.65597534179688,9.531924500013702
220,mps,single_training,150,-145146.94154703128,475,False,-8.304253087043762,3.543377862547835,0.06172834241141876,4.723601195017497,1.3714683874448141,3.3521328290303547,2015.83447265625,3361.56982421875,9.126835874980316
221,mps,single_training,150,-94102.22382613759,304,False,-3.315728109953925,0.6253594681359456,0.08814225713411968,4.7238270282745365,1.371539874871572,3.3522871510187784,679.4472045898438,1471.2115478515625,9.46762400001171
222,mps,topanga_ridge,150,-11737.435818175578,38,False,3.8272145028909046,0.9364928315704067,0.1117334409058094,4.722848879496256,1.3715999372800192,3.3512489430109658,571.6080932617188,1338.4063720703125,9.244569667003816
223,mps,single_training,150,-149935.31726043113,493,False,-8.253207383950551,3.341777175317208,0.0802134812871615,4.721878267923991,1.3715307251612345,3.3503475125630695,1656.14697265625,2864.295654296875,9.517097834002925
224,mps,single_training,150,-111839.37352942611,367,False,-5.446657168070475,1.7765003607173762,0.051979127215842406,4.721403401692708,1.3717065866788227,3.3496968030929564,1464.5599365234375,2503.1669921875,8.895228624984156
225,mps,sullivan_canyon,150,-44907.678768782636,165,False,1.0371067120383184,0.13705443636872652,0.0579705203572909,4.72030774752299,1.3713886666297912,3.348919088045756,87.28861236572266,225.97634887695312,8.718375958007528
226,mps,topanga_ridge,150,-12408.615329680493,40,False,3.9455581204096477,0.929800655345122,0.08109697451194127,4.7188389873504635,1.3709056353569031,3.347933343251546,624.5878295898438,1132.90087890625,6.630534041993087
227,mps,topanga_ridge,150,-16881.540014158745,58,False,3.4016059962908427,0.7736499669154485,0.08718521162867546,4.717214552561442,1.3704171371459961,3.3467974138259886,494.0138854980469,909.468505859375,6.7181252500158735
228,mps,single_training,150,-98252.3875806668,319,False,-3.58588962910076,0.7781111472786385,0.05415604711820682,4.715351959864298,1.369974783261617,3.3453771845499674,654.8096313476562,1130.2503662109375,6.5547388330160175
229,mps,sullivan_canyon,150,-60441.35582592616,226,False,-0.7631203051283956,0.17139502663623715,0.055622575903932256,4.714210268656413,1.3694147531191507,3.344795525868734,419.1231994628906,749.4661865234375,6.873810250021052
230,mps,single_training,150,-152528.10590005107,485,False,-8.730225582122802,3.6707132583856583,0.05382737049212059,4.7136252466837565,1.3687012513478598,3.3449239985148114,1994.0338134765625,3313.354248046875,8.348657124995952
231,mps,single_training,150,-111407.17971343496,370,False,-4.88226266503334,1.2963233503202598,0.05469042335947354,4.713840185801188,1.3679177570343017,3.345922425587972,1119.3541259765625,1906.1715087890625,7.131571040983545
232,mps,stone_canyon,150,-99769.80688640045,340,False,-2.740778839389483,0.42095171913679225,0.05302459005266428,4.713568773269653,1.3667908271153768,3.346777957280477,656.23681640625,1102.97705078125,8.403564125008415
233,mps,sullivan_canyon,150,-32901.13801858791,120,False,2.6697662321726483,0.3656096132223805,0.052789340081314244,4.713778365453084,1.3657570521036784,3.348021321296692,550.6158447265625,1003.0537109375,6.192458958015777
234,mps,sullivan_canyon,150,-33649.05631993335,125,False,2.6594409914454444,0.3704257173998849,0.05406200647354126,4.713529837926229,1.3644710795084636,3.349058745702108,501.1770324707031,830.7993774414062,7.63172408399987
235,mps,topanga_ridge,150,-19460.514042943178,68,False,3.8835233170317953,0.8492416196440717,0.08109905731553833,4.713058404922485,1.3634164118766785,3.3496419938405353,709.2047119140625,1197.8807373046875,7.310052500019083
236,mps,sullivan_canyon,150,-39806.78272237811,151,False,2.370848939816157,0.312280948869884,0.06231883417194088,4.712432537078858,1.3623133794466655,3.3501191409428914,631.72314453125,1057.9935302734375,8.541426040988881
237,mps,single_training,150,-124720.13292681178,407,False,-4.940684850712617,1.3626089088448012,0.05537780759235223,4.710794073740641,1.36183496316274,3.3489590978622434,770.7109375,1241.7532958984375,7.293270750000374
238,mps,topanga_ridge,150,-13353.124855022468,44,False,4.3212729875588165,0.9727721910032748,0.07896461961170037,4.708600114186605,1.3606158304214477,3.347984275817871,822.0380249023438,1360.2032470703125,7.851461540994933
239,mps,single_training,150,-110752.81205590379,361,False,-3.782166343741119,0.8782551931582657,0.0551384607081612,4.707522503534952,1.359612672328949,3.3479098415374757,518.7957763671875,895.7988891601562,6.967878249997739
240,mps,sullivan_canyon,150,-54450.4253814094,201,False,0.6576433949855467,0.055593094444781554,0.053139371437331044,4.704861195882161,1.35850439786911,3.3463567940394086,148.2856903076172,279.7295837402344,6.230838290997781
241,mps,stone_canyon,150,-160961.1166885749,552,False,-6.863785007645687,2.768171082934156,0.05821768830219905,4.7051099586486815,1.3588865033785502,3.346223430633545,973.52880859375,1562.487548828125,8.793473875004565
242,mps,single_training,4,8.317586378778088,0,True,5.122174024581909,1.1523686647415161,0.015746426302939653,4.845876932144165,1.384848564863205,3.4610283970832825,8.086299896240234,19.131166458129883,0.3450891250104178
243,mps,single_training,150,-93247.18322648652,308,False,-2.9737529836843413,0.5962334145627392,0.054969504568725826,4.704564390182495,1.3608846767743428,3.3436797269185385,839.0119018554688,1453.4423828125,9.607803291990422
244,mps,topanga_ridge,150,-8665.551709825548,25,False,4.813596762816111,1.1370987530301016,0.06816479423393806,4.706148745218913,1.361443973382314,3.34470477104187,921.034912109375,1534.0089111328125,8.656068292009877
245,mps,stone_canyon,150,-102660.53073468305,353,False,-2.683220962608854,0.41897657513662123,0.04930822294515868,4.708680810928345,1.3628188840548197,3.345861937204997,555.3016967773438,883.357421875,9.391358209017199
246,mps,stone_canyon,150,-117899.87080125335,400,False,-4.172729564507803,0.8902958359274392,0.04036940750355522,4.7102138106028235,1.3639102125167846,3.3463035869598388,812.0869140625,1353.37255859375,9.054712874989491
247,mps,stone_canyon,150,-176893.43705953818,605,False,-8.101096733311811,3.679913714316984,0.05991442673218747,4.709904514948527,1.3635270261764527,3.346377476056417,1293.838623046875,2153.8759765625,9.760351874982007
248,mps,single_training,150,-100979.99838471135,333,False,-2.3312478108083208,0.44892277212369663,0.06647246067412198,4.7107724253336585,1.3632423384984333,3.347530085245768,235.5012969970703,460.4350280761719,8.701572749996558
249,mps,sullivan_canyon,150,-56644.0485712972,207,False,1.1037930687392752,0.06896320005672654,0.055870961714535955,4.710286823908488,1.363248233795166,3.347038609186808,193.08416748046875,313.6529541015625,9.64055704101338
250,mps,single_training,150,-132505.48826147654,442,False,-4.768966456130147,1.599217062757331,0.06366583400716384,4.711095326741536,1.3632093612353007,3.3478859567642214,629.2941284179688,1019.8197631835938,7.281745040992973
251,mps,stone_canyon,150,-139908.73058459026,481,False,-4.451256344020367,1.2491369227221003,0.06951233424246311,4.710090564092,1.3628287108739217,3.34726184686025,656.63671875,1377.7412109375,34.109039582981495
252,mps,sullivan_canyon,150,-70144.5695994058,256,False,0.37064424018065134,0.06168905930545104,0.06547933081785838,4.709872776667277,1.3622350629170736,3.3476377137502036,67.4952392578125,696.1864624023438,14.153177500003949
253,mps,stone_canyon,150,-139720.44138729802,478,False,-3.8423443358312763,1.0203901969027667,0.045478116335968176,4.7085639731089275,1.3614955568313598,3.3470684242248536,522.7194213867188,814.9952392578125,27.654037875006907
254,mps,stone_canyon,150,-114962.49479762377,392,False,-2.2207627057346206,0.3338303126298403,0.0379650946892798,4.707168877919515,1.3605880165100097,3.346580866177877,425.72216796875,728.1433715820312,18.240256249991944
255,mps,stone_canyon,150,-87393.33996322154,302,False,1.227205045670271,0.22592282244159528,0.04799398389800141,4.704554065068563,1.3597182242075603,3.3448358472188313,546.4150390625,945.310791015625,23.3774234589946
256,mps,topanga_ridge,150,-21071.3476231398,75,False,6.5371780729293825,1.9532972231507302,0.10399569975522657,4.703048620223999,1.3598494815826416,3.3431991370519003,1527.8756103515625,2455.394775390625,22.5408267499879
257,mps,topanga_ridge,150,-13956.00885265478,46,False,6.996963260968526,2.475110652844111,0.11925446939499428,4.702294886906942,1.3597688937187196,3.3425260019302367,1759.1385498046875,2813.503662109375,22.889533040986862
258,mps,single_training,150,-106600.85289732432,351,False,-0.8394689108928045,0.427623636494997,0.0730103483175238,4.701125068664551,1.3597092231114705,3.341415836016337,231.4181365966797,675.8912963867188,23.7429712919984
259,mps,single_training,150,-158661.71873172824,520,False,-5.120401407654087,2.1853235415235392,0.11271288011533519,4.700880765914917,1.36014275153478,3.3407380104064943,630.1696166992188,925.9959106445312,18.54041095802677
260,mps,single_training,150,-180693.84855652743,580,False,-7.704320551504692,3.2324359925684987,0.07310410376948615,4.6998375733693445,1.361290442943573,3.338547132809957,1482.4744873046875,2235.070068359375,27.217226749984547
261,mps,single_training,150,-116562.58449119594,383,False,-1.061321020325025,0.4591284578418466,0.08566635147668421,4.695796537399292,1.3616231020291647,3.334173429807027,210.46389770507812,607.48095703125,11.60365770800854
262,mps,single_training,150,-80235.10027258135,263,False,1.4919441943615674,0.15744449169297392,0.04489460244464378,4.691922458012899,1.3619242747624716,3.329998175303141,383.7487487792969,672.26708984375,26.139143292006338
263,mps,topanga_ridge,150,-3039.6195476441453,2,False,8.691502469380696,3.533502520720164,0.06727459487194816,4.690297940572103,1.361454484462738,3.328843429883321,2142.91259765625,3562.881103515625,18.96726375000435
264,mps,single_training,150,-106899.8298140022,352,False,-0.4732523792920013,0.2551261643736022,0.056881850361824034,4.692158495585124,1.3624208863576253,3.329737598101298,221.33584594726562,675.9600830078125,22.91802904100041
265,mps,topanga_ridge,150,-18049.646744710328,61,False,6.799348015785217,2.1762612757086752,0.07775143096844356,4.693202187220256,1.3630976835886637,3.330104489326477,1546.9833984375,2558.4775390625,22.534214667015476
266,mps,single_training,150,-111433.82124732083,363,False,-1.298427588964502,0.35171423471998425,0.06760065448780854,4.697217823664348,1.3650106970469158,3.332207137743632,132.46353149414062,726.0552368164062,21.4270042499993
267,mps,stone_canyon,150,-140347.22545185094,481,False,-3.411628697415193,0.6994884464650628,0.04843774600575368,4.699993502298991,1.3663263154029845,3.3336671733856202,621.3967895507812,1095.5528564453125,24.73149633401772
268,mps,single_training,150,-122109.17157088949,403,False,-2.817673608615684,0.4618755993843725,0.05403725905964772,4.699976943333944,1.366911293665568,3.33306565284729,607.4920043945312,1033.0712890625,16.14012833297602
269,mps,stone_canyon,150,-102620.40619177677,353,False,0.32874656779070693,0.10657001801044316,0.049976836495722335,4.699908889134725,1.3664556241035462,3.33345326423645,145.0586700439453,294.15191650390625,27.280284708016552
270,mps,stone_canyon,150,-131036.39732709904,451,False,-2.6275169141342243,0.4277441602582015,0.054074604663377004,4.697878770828247,1.3666807452837626,3.33119802792867,639.947509765625,1202.393310546875,10.862334582983749
271,mps,topanga_ridge,150,-18141.127201784475,63,False,6.460503902435303,2.0641533660888673,0.11201914068156232,4.696165943145752,1.3661572964986166,3.330008618036906,1366.5029296875,2686.216064453125,27.336412499978906
272,mps,single_training,150,-128796.89895096947,422,False,-2.769217298850417,0.5911665859640926,0.07438143999626239,4.693733819325765,1.3664007759094239,3.327333029111226,412.16485595703125,822.516357421875,15.662429791991599
273,mps,sullivan_canyon,150,-44892.22408840387,169,False,4.358573609987895,0.91370879282554,0.0784009725941966,4.69106302579244,1.3661401987075805,3.3249228302637737,1006.6198120117188,2022.3309326171875,24.486189374991227
274,mps,stone_canyon,150,-93126.11614280628,318,False,0.4776767794935343,0.10602120978524569,0.044439239567145704,4.687773008346557,1.366047130425771,3.3217258644104004,105.7903823852539,328.6491394042969,19.25652783300029
275,mps,topanga_ridge,150,-7462.6027825801,20,False,7.576621549924215,2.738111187517643,0.09224147705982129,4.68607437769572,1.3660290773709616,3.3200453027089436,1642.0302734375,3124.62451171875,22.466362291015685
276,mps,topanga_ridge,150,-19639.34420408141,67,False,5.908633793741465,1.8685581180866575,0.08275026333828767,4.685019804636638,1.3664476561546326,3.3185721111297606,1219.99462890625,2314.274169921875,24.736477333004586
277,mps,sullivan_canyon,150,-51042.87602999923,195,False,2.872797774548332,0.4480939088226296,0.06113440987964471,4.684801425933838,1.3672392090161642,3.317562208175659,548.3125,971.3843383789062,20.41851508297259
278,mps,topanga_ridge,150,-7381.251268045821,19,False,6.385184324979782,2.081106458865106,0.07179480793575446,4.6852408822377525,1.3677962930997212,3.317444567680359,1312.6986083984375,2256.94873046875,26.269174082990503
279,mps,sullivan_canyon,150,-40654.764926950724,151,False,3.016662486568093,0.5035030156910458,0.10864007915059726,4.685966409047444,1.3684798765182495,3.3174865420659385,591.8566284179688,1625.3260498046875,8.601262042007875
280,mps,single_training,150,-93624.5072075385,303,False,-1.968509828336537,0.27332890122786924,0.09852019091447195,4.685361000696818,1.3686813282966614,3.316679654121399,403.1870422363281,1508.2847900390625,8.464064375002636
281,mps,sullivan_canyon,150,-65950.60382798032,245,False,-0.21432741070787112,0.25438905089805,0.07285939661165078,4.686095037460327,1.368750512599945,3.3173445367813112,370.39508056640625,642.0682373046875,6.544304582988843
282,mps,single_training,150,-151472.53263235107,491,False,-6.940327144848804,2.8081774705244364,0.05627136098841826,4.6841255346934,1.3685851589838665,3.3155403629938762,1269.4620361328125,2204.049072265625,7.722567666991381
283,mps,single_training,150,-127641.53683912358,421,False,-5.487876400550206,1.5554745542506376,0.07256950483967861,4.682700608571371,1.36843763033549,3.3142629766464236,1285.32861328125,2221.971923828125,7.355159250000725
284,mps,topanga_ridge,150,-17166.118471645,59,False,4.047908549706142,1.0990731006860732,0.11822650043293834,4.6814320850372315,1.3684617924690246,3.3129702854156493,669.0641479492188,1178.0040283203125,7.623638999997638
285,mps,sullivan_canyon,150,-34959.21356270247,126,False,2.409603726367156,0.47334179750178007,0.07356582143033544,4.679785420099894,1.3686797102292378,3.311105728149414,300.8563537597656,586.861083984375,7.983473041007528
286,mps,topanga_ridge,150,-13636.743056110658,45,False,4.277679107189178,1.1175491908440986,0.1317798257774363,4.679479157129924,1.3688456225395202,3.310633529027303,719.9315185546875,1265.65234375,7.24078995801392
287,mps,sullivan_canyon,150,-47499.53868527482,177,False,1.1616067951715863,0.1812885550649196,0.08701052064076066,4.679938945770264,1.3691314474741618,3.3108074982961018,88.50322723388672,299.5600280761719,8.376573957997607
288,mps,single_training,150,-105763.53410807182,346,False,-3.9234350128968556,0.8402388026813666,0.06375452414465448,4.679423789978028,1.369268639087677,3.3101551326115928,972.2832641601562,1665.9010009765625,6.936364166002022
289,mps,topanga_ridge,150,-12433.54471060006,40,False,3.9505272376537324,1.0096268056581417,0.10050056594734391,4.680826059977213,1.3695285201072693,3.3112975295384723,640.6328125,1166.8505859375,8.052051500009838
290,mps,single_training,150,-85828.86569995472,278,False,-2.433508410851161,0.40365740950015605,0.0459648188141485,4.681040252049764,1.3697666597366334,3.311273603439331,617.9200439453125,1052.9228515625,6.626570250024088
291,mps,sullivan_canyon,150,-36595.5413826296,136,False,1.7531129672005772,0.24838413471484425,0.05333108300964037,4.681719751358032,1.3700162609418234,3.3117034832636514,203.6248779296875,388.5784912109375,8.374739165999927
292,mps,topanga_ridge,150,-6808.475755033134,17,False,4.233157702287039,1.0559857366979122,0.0705292696505785,4.682508951822917,1.3702881598472596,3.3122207991282147,717.21142578125,1193.548828125,6.339612249983475
293,mps,sullivan_canyon,150,-80136.67318089194,291,False,-2.6053686448341855,0.6487673842133529,0.06068310270706812,4.683724190394083,1.3705276346206665,3.3131965525945026,979.5615844726562,1822.2841796875,7.82013120900956
294,mps,single_training,150,-133590.3809975427,436,False,-7.026589664618174,2.370168874611457,0.06612003520131111,4.683818632761637,1.3706778287887573,3.3131407928466796,1607.3480224609375,2648.4169921875,6.842174834018806
295,mps,sullivan_canyon,150,-48174.3911414188,180,False,0.24127985090638202,0.16779272938378198,0.06149567656219006,4.683349726994832,1.3705993676185608,3.3127503474553426,227.11582946777344,529.979736328125,7.708488541014958
296,mps,single_training,150,-97411.0829003465,323,False,-3.613344841400782,0.740787191738685,0.05161909056206544,4.682273581822713,1.370676928361257,3.3115966510772705,852.4848022460938,1403.9234619140625,7.526193249999778
297,mps,sullivan_canyon,150,-40518.60486760763,148,False,1.4309104587634405,0.13175532011004787,0.05074949367592732,4.682487468719483,1.3707603470484415,3.311727123260498,225.67535400390625,372.8782958984375,8.109612708998611
298,mps,topanga_ridge,150,-16345.572027291702,56,False,3.380962260166804,0.7203209805426498,0.0762411740080764,4.68313858350118,1.370576146443685,3.3125624306996664,528.3678588867188,896.4844970703125,8.123439666989725
299,mps,stone_canyon,150,-117121.70242951787,400,False,-4.6247257635494075,1.0805542529269587,0.04371554673649371,4.68409410794576,1.3704724431037902,3.3136216894785564,1044.874755859375,1739.1624755859375,7.085499458014965
300,mps,sullivan_canyon,150,-40524.82419277744,152,False,1.2841359856922645,0.13617631308299938,0.05855531756766141,4.682965161005656,1.3699636324246725,3.313001527786255,125.45314025878906,295.4420471191406,8.254638416983653
