episode,device,scenario,n_ticks,raw_reward,shaped_reward_total,buildings_destroyed,contained,policy_loss,value_loss,classification_loss,entropy,resource_entropy,zone_entropy,shaping_mean_abs,value_grad_norm,other_grad_norm,wall_time_s
1,mps,stone_canyon,150,-139349.41464522734,-139349.16284522737,476,False,-264874.8559781901,3472911663.87,0.0661415872288247,4.760411176681519,1.2966386310259501,3.4637725496292116,0.09603333333333336,102076568.0,190307184.0,14.807525415992131
2,mps,stone_canyon,150,-83571.89373437798,-83571.62033437799,287,False,9.830064082145691,4.486816821098327,0.05170520835866531,4.75555645942688,1.295508433977763,3.4600480540593463,0.08990000000000001,4250.955078125,8058.72021484375,17.107447957998374
3,mps,single_training,16,-199.33603566018104,-199.33603566018104,0,True,10.759648621082306,5.182714134454727,0.011796942388173193,4.799978971481323,1.3347034454345703,3.465275526046753,0.0,297.9829406738281,384.0101318359375,1.939735624997411
4,mps,stone_canyon,150,-134727.56634948897,-134727.308949489,462,False,1.1429110470910866,0.6320414483741721,0.0616727246530354,4.758351017634074,1.301623878479004,3.456727145512899,0.10729466666666668,1238.6622314453125,3053.68701171875,18.90550345898373
5,mps,single_training,150,-134187.35916739397,-134186.95516739396,434,False,-0.37726132486015557,0.3658472325495222,0.093617778091381,4.752162806193033,1.304266783396403,3.4478960386912028,0.07142933333333333,595.0101318359375,1789.9583740234375,18.61938350001583
6,mps,single_training,150,-145101.525641178,-145101.48304117803,471,False,-2.003261091982325,0.3392635475450273,0.07816497675143182,4.75139843304952,1.3091854278246562,3.4422129853566488,0.020516,611.3973388671875,1026.944580078125,19.155463625007542
7,mps,single_training,150,-129376.23874955898,-129376.06774955895,423,False,-0.14921831116080284,0.03772092117879462,0.07069677585735917,4.749867118199666,1.31232745329539,3.437539671262105,0.05565466666666667,86.29872131347656,250.4855499267578,17.85070291699958
8,mps,single_training,150,-141926.15435609105,-141926.05555609104,459,False,-2.783580922484398,0.6590990688810962,0.06398914616554975,4.745250784556071,1.3158518393834433,3.429398938814799,0.05611466666666666,1676.976806640625,3838.327392578125,47.608900708000874
9,mps,single_training,150,-102316.72000587352,-102316.49480587352,340,False,1.870116812714065,0.22891817120507463,0.09659357480704785,4.742934401830038,1.3179418929417928,3.4249925057093304,0.074408,622.4044799804688,1365.68994140625,49.75855416699778
10,mps,single_training,150,-113127.72025134253,-113127.30385134256,368,False,-0.7100855930397908,0.5123381154954404,0.08432969594995181,4.737642265955607,1.3200993506113687,3.4175428771972656,0.13887466666666667,1034.694580078125,2640.827880859375,47.92419950000476
11,mps,stone_canyon,150,-79797.92165890527,-79797.61825890526,273,False,3.140849986622731,1.1048142830750627,0.059275231113036474,4.7303873030344645,1.3204658253987631,3.4099214633305865,0.09319600000000001,654.2369995117188,1175.838623046875,48.34650108398637
12,mps,stone_canyon,150,-109626.36485149889,-109626.28465149889,375,False,-0.35113056808710097,0.5973898706633676,0.05985018798460563,4.732200539906819,1.3208292826016743,3.411371264457703,0.04113466666666666,947.692626953125,2212.082275390625,47.10315416700905
13,mps,single_training,150,-98970.53389092792,-98970.5318909279,323,False,-0.3686752170807449,0.23585650220145699,0.0651869257291158,4.731551577250163,1.321299646695455,3.4102519130706788,0.001064,576.92333984375,1303.7347412109375,47.25761429101112
14,mps,single_training,150,-111254.24887276813,-111253.92187276817,364,False,-1.7084594747920832,0.38828337583855804,0.0945377786209186,4.7286912631988525,1.320942771434784,3.4077484957377115,0.07973733333333334,969.2211303710938,2236.39453125,47.917141833982896
15,mps,stone_canyon,150,-110903.24160555986,-110903.08520555988,378,False,0.17880202451099952,0.13319020759137856,0.05708555361876885,4.719009135564169,1.3182072027524312,3.400801928838094,0.06163200000000002,191.13540649414062,609.2581787109375,46.66741695799283
16,mps,single_training,150,-97838.49608634156,-97838.36308634155,323,False,0.8009477467338244,0.1063420817111061,0.07759126837054889,4.715954723358155,1.3149699552853902,3.4009847688674926,0.035316,379.66058349609375,899.1876831054688,46.94358175000525
17,mps,stone_canyon,150,-155088.56440824366,-155088.77340824367,533,False,-3.8556640110413234,0.7931273350243767,0.06656919360781709,4.7111344782511395,1.3128200634320577,3.3983144187927246,0.08118533333333335,1312.9654541015625,2626.74072265625,46.74876545800362
18,mps,single_training,150,-103036.96356219483,-103038.49536219478,333,False,0.9141909601942947,0.15789399538150975,0.08014890835930903,4.709448308944702,1.310077026685079,3.399371288617452,0.032932,692.0821533203125,1593.49755859375,46.90321595798014
19,mps,stone_canyon,150,-171805.56337858926,-171805.3851785892,594,False,-5.106970159113407,1.3079712455525685,0.06577223977694908,4.706238304773967,1.3061407105127971,3.4000975958506268,0.05930533333333333,1946.399658203125,4116.18603515625,47.575758457998745
20,mps,single_training,7,-55.16211937036762,-55.16111937036762,0,True,7.91393027986799,2.884190729686192,0.020812774609242166,4.750231674739292,1.3405951602118356,3.409636531557356,0.017057142857142858,71.06758117675781,105.43425750732422,0.6090082919981796
21,mps,single_training,150,-86085.40158250288,-86085.25318250289,281,False,3.1402314281463624,0.5128637608637412,0.05919651035219431,4.678867441813151,1.2873676816622417,3.391499768892924,0.062226666666666666,1022.7028198242188,1848.76904296875,46.74115383400931
22,mps,single_training,150,-114481.68806577503,-114482.44086577503,376,False,0.3196548314082126,0.07381540730282722,0.0677303242062529,4.669736083348592,1.277730843226115,3.3920052353541057,0.04214400000000001,252.736328125,540.2020874023438,48.40281724999659
23,mps,stone_canyon,150,-153964.43757742495,-153964.36577742497,525,False,-2.4018329020341236,0.5143137686895595,0.05880411123236021,4.662661905288696,1.2704319405555724,3.3922299766540527,0.03155333333333335,613.7988891601562,995.8432006835938,14.447229624987813
24,mps,single_training,150,-132280.89004983264,-132280.80864983264,428,False,-1.5563547965263327,0.29856371165645823,0.05893699512506525,4.647068710327148,1.2603098877271017,3.3867588408788047,0.041724000000000004,628.2051391601562,1292.4033203125,13.48505750001641
25,mps,single_training,150,-111972.89339639925,-111972.82299639928,365,False,0.36199481094876923,0.10606273517053827,0.05317397392665346,4.629070199330648,1.246902066866557,3.3821681626637776,0.03389066666666667,142.8839874267578,597.7771606445312,12.971486042020842
26,mps,single_training,16,-235.81932041196583,-235.81932041196583,0,True,8.43212115764618,3.069794461131096,0.011715888686012477,4.694033473730087,1.3001585751771927,3.39387483894825,0.0,186.5571746826172,295.14874267578125,1.31536354200216
27,mps,stone_canyon,150,-88028.39671576128,-88028.21691576127,302,False,3.9963603522380193,0.961362718960736,0.047868957482278346,4.60826602935791,1.2214564124743144,3.386809630393982,0.05829733333333332,1665.3671875,3041.53955078125,13.653511916985735
28,mps,stone_canyon,150,-92937.18552356906,-92936.94152356901,318,False,3.301237358550231,0.765674771014989,0.04076892232832809,4.606520029703776,1.2134629559516907,3.3930571031570436,0.10930933333333333,1342.8944091796875,2399.622802734375,13.423177624994423
29,mps,single_training,150,-134125.12800053676,-134126.52740053675,440,False,-1.8251015608012677,0.3611515762381411,0.07719800504545371,4.607519976298014,1.2066023210684458,3.400917641321818,0.12776933333333332,396.8814697265625,620.2857055664062,14.216827833995922
30,mps,single_training,150,-97596.3069873332,-97596.18318733323,320,False,1.7530436428810936,0.29848516365416145,0.062333936740954714,4.609615640640259,1.1969479791323343,3.4126676511764527,0.05912133333333333,1120.4586181640625,2398.343994140625,14.469706917006988
31,mps,single_training,150,-149459.99396065134,-149459.80336065136,490,False,-3.301984611172229,0.8648715411517491,0.07774813882385691,4.611361195246379,1.1892331039905548,3.4221281099319456,0.08253733333333332,842.371826171875,1164.961181640625,14.419937291997485
32,mps,stone_canyon,150,-122222.14907558878,-122221.93747558881,418,False,0.44746810586502156,0.27570268355273586,0.05471298471093178,4.614399995803833,1.182017788887024,3.432382214864095,0.057813333333333335,725.4366455078125,1781.6373291015625,13.730912541010184
33,mps,stone_canyon,150,-114765.0969469881,-114764.9243469881,391,False,0.27427739997239164,0.09826003006542199,0.045276682016750176,4.619831991195679,1.17896378159523,3.440868198076884,0.07228666666666667,201.4564971923828,440.631591796875,13.38859641700401
34,mps,stone_canyon,150,-117862.59588812651,-117862.45768812652,403,False,-0.5680789990971485,0.14975415438530035,0.045202171007792155,4.620442419052124,1.1760335437456766,3.444408895174662,0.055233333333333336,436.9548034667969,1023.2958984375,13.214626458997373
35,mps,stone_canyon,150,-140644.51375429315,-140644.44735429317,483,False,-2.3606818470172586,0.42938385733084333,0.06253121227646867,4.622451140085857,1.1764684009552002,3.4459827454884846,0.036968,526.453857421875,737.5169677734375,13.670103040989488
36,mps,single_training,150,-103647.72855812601,-103648.82135812602,338,False,-0.25774042669683694,0.13222561668324337,0.05291019175201654,4.621882006327311,1.174999532699585,3.4468824895222983,0.035328,442.237548828125,1170.933349609375,14.665461500000674
37,mps,stone_canyon,150,-118904.59345085028,-118904.38085085028,408,False,-0.18517622140934692,0.10765970221688628,0.05767807229111592,4.618111327489217,1.1710156047344207,3.447095718383789,0.06591866666666665,191.5693359375,492.3477783203125,14.294200583011843
38,mps,single_training,150,-123382.02832534838,-123381.92672534834,410,False,-1.3217790639897187,0.2267797990818023,0.06210374433547258,4.620134843190511,1.1728319752216338,3.447302861213684,0.073128,204.81857299804688,561.1019287109375,13.58108341600746
39,mps,stone_canyon,150,-129079.39317916862,-129079.24417916859,443,False,-1.5242311607146015,0.1721646792006019,0.05743414067352812,4.622848294576009,1.1715047911802927,3.451343510945638,0.06835066666666667,551.6673583984375,1085.863037109375,12.504440541990334
40,mps,single_training,150,-119342.13494247457,-119343.46914247455,393,False,-1.5702137272028873,0.23356170971629428,0.055818890978892644,4.6244650618235275,1.1683614774545035,3.4561035680770873,0.041372000000000006,896.4982299804688,2033.5947265625,13.996552042022813
41,mps,single_training,150,-108033.35731953193,-108033.05551953192,359,False,0.2714128883710752,0.0224538429208701,0.06426009135941664,4.619689785639445,1.1604322596391041,3.459257547060649,0.11460666666666663,87.5178451538086,255.82992553710938,11.738002166996012
42,mps,single_training,4,18.656540444145037,18.662140444145034,0,True,8.123606443405151,2.729148507118225,0.013993872096762061,4.776045799255371,1.312008947134018,3.464036762714386,0.0995,41.317142486572266,63.113929748535156,0.33552974998019636
43,mps,single_training,150,-142278.869862508,-142280.551262508,461,False,-2.882442218537132,0.5660652693528634,0.06809828485672673,4.610055910746256,1.1466895993550619,3.4633663272857667,0.11166533333333334,1259.6690673828125,2567.500244140625,11.207257207977818
44,mps,single_training,150,-129838.31754482022,-129838.21154482022,422,False,-1.609452981664023,0.25781544029581477,0.06161606256539623,4.60502418200175,1.140715285539627,3.464308891296387,0.047376,909.3662109375,2083.157958984375,10.970562041999074
45,mps,stone_canyon,150,-128437.45585293962,-128437.45645293963,442,False,0.5638553972790639,0.14890054143242498,0.0653564900563409,4.591812531153361,1.1282403886318206,3.4635721270243325,0.07602533333333335,450.08056640625,1035.251220703125,10.718928582995431
46,mps,single_training,150,-91513.78130177657,-91513.57670177655,303,False,3.829851315319538,0.8256690723676001,0.07432284554466605,4.583900190989176,1.1223044443130492,3.461595738728841,0.08594000000000003,1979.9398193359375,4353.8388671875,11.087148000020534
47,mps,single_training,150,-93010.77573746153,-93010.62493746153,307,False,3.066373787124952,0.5306530843985577,0.0937219531989346,4.587089716593424,1.128096838792165,3.458992889722188,0.066256,1438.0833740234375,2841.82275390625,10.894751124986215
48,mps,single_training,150,-107284.97955793854,-107284.82395793854,356,False,1.9982940378288427,0.4699241154367094,0.07027067672461271,4.59204971631368,1.136651688416799,3.455398020744324,0.06950933333333334,1473.6214599609375,3368.354248046875,10.837452999985544
49,mps,single_training,150,-135230.2025036466,-135229.88690364658,443,False,-1.2456939868380625,0.20811421951657394,0.09881674778026839,4.599250837961833,1.1473078525066376,3.451942989031474,0.11146133333333334,220.9318084716797,715.3304443359375,11.683192041993607
50,mps,stone_canyon,150,-165090.4270881808,-165090.1802881808,565,False,-3.055906319618225,0.7161457854011678,0.0677594695209215,4.607393846511841,1.1601770035425822,3.447216852506002,0.11208266666666666,711.8922119140625,1132.3626708984375,11.682848708995152
51,mps,stone_canyon,150,-131354.39148448524,-131355.55888448522,452,False,-0.544416196582218,0.1258676027830855,0.05595930234839519,4.600822772979736,1.1626288104057312,3.4381939220428466,0.09803066666666665,371.3057556152344,886.8270263671875,11.841236084001139
52,mps,stone_canyon,150,-119365.26336271864,-119365.16616271863,413,False,0.9602590229754181,0.1456410499952955,0.06453501038253308,4.587904116312663,1.1615019265810649,3.4264021905263267,0.024733333333333333,323.0391540527344,645.4024658203125,11.665734457987128
53,mps,single_training,150,-131650.21230609814,-131649.93230609817,437,False,-1.2406278189768394,0.15483563127797728,0.07264946959912777,4.5779734706878665,1.1644609773159027,3.41351248105367,0.10426400000000001,265.0526123046875,555.785888671875,11.015486042015254
54,mps,single_training,150,-85727.78858608962,-85728.16498608963,283,False,2.8394352269172667,0.462325269083182,0.06744845641156037,4.567668895721436,1.1643062702814737,3.40336262067159,0.12753333333333336,1036.30029296875,1813.0499267578125,10.897218500002054
55,mps,stone_canyon,150,-86457.30351200188,-86457.25771200188,299,False,3.1825177441040675,0.906547566823997,0.0515759262877206,4.554714879989624,1.1625506933530172,3.3921641731262206,0.020774666666666667,794.3695068359375,1312.1015625,10.848853625007905
56,mps,single_training,150,-98565.87633660049,-98565.59293660047,328,False,1.0317011766384045,0.13863551318402945,0.08104452085370818,4.54236268679301,1.1663109763463337,3.376051705678304,0.12868666666666664,177.41932678222656,398.5924377441406,10.838875917019323
57,mps,single_training,150,-128366.44523376909,-128366.29623376907,422,False,-2.41625266512235,0.4100296726132122,0.0641521251325806,4.529285720189413,1.171665267944336,3.35762047290802,0.06734533333333334,1330.485595703125,2808.18603515625,10.771405208011856
58,mps,stone_canyon,150,-140215.7622623765,-140215.71386237646,482,False,-2.92447999318596,0.8248999086040862,0.058018465812007584,4.513156388600668,1.1737040801843008,3.3394523080190024,0.022872000000000003,1913.34814453125,4123.7314453125,10.743712874973426
59,mps,stone_canyon,150,-103954.9895546735,-103954.95455467352,356,False,0.5542942013653616,0.3785015856497436,0.04575308527797461,4.493610849380493,1.1734410150845846,3.3201698223749796,0.01734,448.1506042480469,1155.7659912109375,10.808695459010778
60,mps,stone_canyon,150,-98999.43880677558,-98999.33400677558,340,False,0.8434913535912831,0.3083864092788887,0.04819019538039963,4.470821145375569,1.1696876653035482,3.3011334896087647,0.04916,303.1371765136719,853.9254150390625,10.928562959015835
61,mps,single_training,12,-161.4760281229346,-161.4760281229346,0,True,8.92897911866506,3.7940215865770974,0.012903235930328568,4.602718432744344,1.3326882719993591,3.27003014087677,0.0,117.44853973388672,197.52442932128906,0.9580688340065535
62,mps,single_training,150,-114490.83307274985,-114490.69047274982,375,False,-0.6391952689612905,0.09528763618066932,0.060916763283312324,4.424830417633057,1.166033796866735,3.258796641031901,0.07605200000000001,306.08587646484375,725.0448608398438,10.442271917010657
63,mps,stone_canyon,150,-156965.34566693366,-156965.40546693356,537,False,-2.5376371981389823,0.8271416158846902,0.06203249886631965,4.386939427057902,1.1622706695397695,3.224668757120768,0.08959066666666667,365.271484375,1186.4266357421875,10.367732416983927
64,mps,single_training,150,-100532.81727015092,-100535.4122701509,330,False,1.2557997332389157,0.16590110994580753,0.06683820027858019,4.354726359049479,1.1612887199719746,3.193437636693319,0.12983333333333333,615.8461303710938,1359.8038330078125,10.216580040985718
65,mps,stone_canyon,150,-114312.1597077767,-114312.00030777669,392,False,0.7265455927474734,0.12219916905324983,0.05111843481659889,4.328062391281128,1.1670935491720835,3.1609688409169516,0.076004,235.0577850341797,488.6405029296875,10.258755958988331
66,mps,stone_canyon,150,-128102.19997354962,-128102.01257354963,437,False,-0.019710809011012315,0.11552308947556109,0.052856783562650285,4.315497385660807,1.1726814409097035,3.1428159602483112,0.08801466666666666,371.4651794433594,988.23486328125,10.241890041012084
67,mps,stone_canyon,150,-141576.05631747216,-141576.12211747214,485,False,-1.383036405791839,0.20052759808759826,0.05212538686270515,4.310402234395345,1.1803749545415243,3.1300273005167645,0.07901733333333336,377.171142578125,631.6324462890625,10.244059209013358
68,mps,single_training,150,-110643.3616759369,-110643.13207593687,366,False,0.8902139723052581,0.183074525345437,0.06594474563995997,4.310925690333049,1.1867491229375204,3.1241765610376993,0.100752,826.8787841796875,1973.81591796875,10.163386999978684
69,mps,single_training,150,-130297.81112326279,-130299.22752326277,428,False,-1.3029195013362915,0.2063619694925501,0.07576381706322233,4.315572388966879,1.1931049831708271,3.122467368443807,0.11250666666666666,232.44015502929688,423.310546875,10.22282870899653
70,mps,single_training,150,-107579.54163016476,-107582.22143016472,356,False,0.6548281210412582,0.150850556912701,0.05998665535822511,4.301964769363403,1.195055648088455,3.106909122467041,0.1548093333333333,463.161376953125,1014.0564575195312,10.785484499996528
71,mps,single_training,15,-154.9198318326739,-154.91163183267392,0,True,8.308375453948974,3.5139284133911133,0.011752407252788543,4.4149554888407385,1.3315786918004353,3.0833767890930175,0.039799999999999995,147.59510803222656,225.54217529296875,1.0801579160033725
72,mps,single_training,150,-114997.98769813348,-114997.63889813345,375,False,-0.1270342769815276,0.0974937892229309,0.06852668896938363,4.2920688565572105,1.1883250526587168,3.1037437915802,0.12821600000000002,203.9071502685547,545.1949462890625,10.881183916993905
73,mps,single_training,150,-114696.91477894605,-114696.52117894607,375,False,-0.32630456931268176,0.08230359669396421,0.05566784665609399,4.29547482808431,1.1831039448579153,3.112370889981588,0.1331093333333333,113.63207244873047,414.62939453125,11.954581458005123
74,mps,single_training,150,-125822.76146708654,-125822.29346708655,413,False,-1.8821440102159976,0.2854675647084756,0.0657124219958981,4.307256759007772,1.1752783179283142,3.131978437105815,0.126456,956.1600341796875,2070.666748046875,11.322488833015086
75,mps,stone_canyon,150,-123196.16603260947,-123196.04243260945,425,False,-0.8179358112129073,0.3316370832413425,0.055537132782240706,4.309699147542318,1.1635844612121582,3.146114664077759,0.06346133333333333,893.2794189453125,2150.469970703125,11.354508291988168
76,mps,stone_canyon,150,-128246.52620438708,-128246.46820438707,439,False,-1.5935127306977908,0.27375038916098976,0.05212970727433761,4.314432436625163,1.156934179464976,3.1574982611338296,0.027850666666666666,758.7491455078125,1636.2109375,11.342718041996704
77,mps,stone_canyon,150,-141265.175416724,-141265.147016724,486,False,-1.4754827829822899,0.2427204432845853,0.057112855662902196,4.318964808781942,1.1492681248982748,3.169696677525838,0.015765333333333336,493.42047119140625,894.6307983398438,11.916637665999588
78,mps,single_training,150,-115187.74532740233,-115188.1525274023,380,False,0.10658450948695342,0.06558514680660057,0.06642036697516839,4.320762758255005,1.1416705747445424,3.1790921847025553,0.1590453333333333,297.5126953125,736.837158203125,12.153616249997867
79,mps,stone_canyon,150,-87351.9934436206,-87351.94284362058,301,False,3.2202552381157874,0.7302702560068186,0.052871128370364506,4.32792599995931,1.1401217524210612,3.18780424118042,0.02414266666666667,1262.6099853515625,2325.067626953125,11.504953208990628
80,mps,stone_canyon,150,-123697.61221896116,-123698.05281896115,425,False,0.18673478496571383,0.11507985263907661,0.049586386705438294,4.336645542780558,1.1402981642882029,3.1963473733266197,0.011836,301.7317199707031,761.5278930664062,11.24466699999175
81,mps,stone_canyon,150,-125094.44520781876,-125094.25740781872,431,False,-0.7719945221487433,0.08766464131637046,0.04964682830497622,4.360191780726115,1.1464239343007405,3.2137678639094034,0.08745466666666668,327.2552490234375,700.8723754882812,12.477109083993128
82,mps,stone_canyon,150,-146379.1502298436,-146378.9620298436,503,False,-1.8441227442026138,0.3175160215154756,0.056182755411913,4.380682099660238,1.146354832649231,3.2343272670110066,0.07202800000000001,491.0044250488281,819.9446411132812,11.401019332988653
83,mps,single_training,150,-117594.61627949864,-117595.91387949865,383,False,-0.39815465800464156,0.16647057358148232,0.07013168510670463,4.407307637532552,1.1484785230954488,3.2588291056950887,0.04524533333333334,198.51707458496094,735.0476684570312,12.021341750019928
84,mps,stone_canyon,150,-109074.0122345118,-109073.8094345118,375,False,1.1767713035270573,0.1540522549794332,0.05385889296109478,4.435841213862101,1.1558277960618337,3.280013418197632,0.09764533333333333,550.9443359375,1118.6805419921875,11.929343249998055
85,mps,stone_canyon,150,-138456.41813361822,-138456.0827336182,479,False,-1.08348421510309,0.17566975590720177,0.05378903957704703,4.463312117258708,1.163985431989034,3.299326702753703,0.144828,235.999755859375,434.5140686035156,11.921607291995315
86,mps,single_training,150,-102892.10848208767,-102891.77748208765,340,False,1.3612173205800355,0.16695242267202956,0.07854734707002839,4.492848059336344,1.166388919353485,3.3264591391881306,0.1276413333333333,785.6573486328125,1679.850341796875,11.52533587499056
87,mps,stone_canyon,150,-145032.51716777313,-145032.5419677731,498,False,-1.6014096314211685,0.2600843159338304,0.05350394394248724,4.517899653116862,1.1699220871925353,3.3479775698979695,0.13652533333333336,492.5757751464844,910.4711303710938,12.189550209004665
88,mps,stone_canyon,150,-116677.27606885166,-116677.18066885171,402,False,1.1803349170356523,0.16514500915824532,0.05684997908771038,4.547263898849487,1.1733027386665345,3.37396115620931,0.08934266666666667,574.011474609375,1205.52783203125,11.091547916992567
89,mps,stone_canyon,150,-155208.85143533215,-155208.9084353322,531,False,-2.757913628021876,0.4631671979604289,0.05619569893926382,4.578861544926961,1.1811821738878885,3.397679387728373,0.075988,997.6912231445312,1978.1666259765625,11.127685457991902
90,mps,stone_canyon,150,-112818.338966323,-112818.01316632298,385,False,0.979491983577609,0.4616780417286403,0.03931691555927197,4.596978928248087,1.18137215813001,3.4156067848205565,0.09471333333333334,375.5494384765625,1263.9083251953125,11.187617666990263
91,mps,stone_canyon,150,-132326.23087348483,-132326.19927348482,455,False,-0.8145719232751677,0.164311887776513,0.050676760636270045,4.605158354441325,1.1781456740697225,3.4270126644770302,0.013514666666666668,604.9119873046875,1458.739501953125,11.535629749996588
92,mps,single_training,150,-104411.30652046419,-104411.24772046418,349,False,2.0177853482278683,0.395483840186198,0.05995186168079575,4.607209510803223,1.1716266763210297,3.435582834879557,0.03522666666666667,1252.2052001953125,2769.083251953125,12.405870041984599
93,mps,stone_canyon,150,-131954.2445193578,-131954.11091935783,452,False,0.014408138661334911,0.09059432632471119,0.0475513645944496,4.610660409927368,1.169018363157908,3.4416420618693033,0.043135999999999994,127.34379577636719,366.3467712402344,11.76295916698291
94,mps,single_training,150,-98102.82551588076,-98102.65231588074,322,False,2.265926595280568,0.3423635015828283,0.04943808698405822,4.605579671859741,1.1579481800397238,3.4476314910252888,0.068624,973.330078125,1890.0491943359375,12.009208500006935
95,mps,stone_canyon,150,-57785.4324753682,-57785.40987536821,193,False,6.547671005278826,2.492739212398786,0.025570504205922287,4.602111641565958,1.150437321662903,3.4516743151346843,0.008713333333333333,2189.55859375,4079.776123046875,11.848403999989387
96,mps,stone_canyon,150,-157830.85716248874,-157830.43696248872,542,False,-3.66800886541605,0.6842695371325438,0.05907452809934815,4.599249404271443,1.144520191748937,3.4547292296091716,0.13259333333333334,1445.2081298828125,2958.7177734375,12.428349416994024
97,mps,stone_canyon,150,-158276.86500050116,-158276.73600050114,545,False,-2.804227625032266,0.4791655951034045,0.06217823391780257,4.592528778711955,1.135376972357432,3.457151829401652,0.05901466666666667,680.3580322265625,1279.4923095703125,11.847395000018878
98,mps,stone_canyon,150,-161470.05086147488,-161469.8702614748,554,False,-3.4082732591281335,0.6120593371424669,0.05353759587431947,4.577904434204101,1.1209588460127513,3.456945597330729,0.0741346666666667,1080.4283447265625,2080.177734375,11.864494915993419
99,mps,single_training,150,-136036.9281989168,-136036.78139891682,441,False,-1.887664255363246,0.2789859077428264,0.06981152649968862,4.561837526957194,1.1044313045342764,3.457406218846639,0.06854133333333333,474.4056701660156,992.6475830078125,12.023476166999899
100,mps,stone_canyon,150,-105814.99721876532,-105815.74361876535,366,False,2.980898358722528,0.5789372056295785,0.050717924106866125,4.54110037167867,1.084485519727071,3.456614867846171,0.06079466666666665,1334.681884765625,2851.357666015625,11.907824750000145
101,mps,stone_canyon,150,-120061.17834381844,-120060.96634381844,411,False,1.3789575694625575,0.16882370547488487,0.050215504318475726,4.529801994959513,1.0721601370970408,3.457641855875651,0.073256,781.5302124023438,1717.4178466796875,11.73025854199659
102,mps,stone_canyon,150,-112004.63109122397,-112004.52929122397,386,False,1.8562373295488457,0.2894213772389048,0.05246101175745328,4.522824370066325,1.0633354957898458,3.459488878250122,0.04699333333333333,656.5581665039062,1199.962646484375,11.293719334003981
103,mps,stone_canyon,150,-89874.63158967232,-89874.38638967235,309,False,4.357248780230681,1.0835599282065718,0.0509468450024724,4.521494798660278,1.0606358071168265,3.4608590014775595,0.07204533333333332,1823.753173828125,3719.391357421875,11.551664083002834
104,mps,stone_canyon,150,-139138.2607467081,-139138.0653467081,480,False,-1.4242383027635515,0.22236108434134924,0.05394609668602546,4.528115984598796,1.0668655161062877,3.4612504863739013,0.09036133333333334,858.8163452148438,1941.7113037109375,10.81152524999925
105,mps,stone_canyon,150,-111055.37048472841,-111055.04648472842,380,False,0.598594297443827,0.2868659367809596,0.045290207887689275,4.529601923624674,1.0680028557777406,3.461599054336548,0.13785066666666668,426.1894226074219,1267.3515625,10.965101375011727
106,mps,stone_canyon,150,-78272.05674534597,-78274.17914534596,273,False,4.12281793658932,1.0958663133721953,0.045572006814181804,4.528454987208049,1.0675753490130107,3.4608796548843386,0.11344000000000001,1226.2762451171875,2214.21875,10.857424832996912
107,mps,stone_canyon,150,-101404.78128808689,-101404.9252880869,346,False,1.0940726925308506,0.1421336931995999,0.04197378539169828,4.529552663167317,1.0705530428886414,3.4589996099472047,0.05474400000000001,163.21937561035156,359.8309020996094,10.785454374999972
108,mps,single_training,150,-121703.88659279181,-121703.6281927918,394,False,-1.7463151068861287,0.42742369596294644,0.05523828855405251,4.531767024993896,1.0786249887943269,3.4531420532862347,0.08337066666666666,1109.1273193359375,2607.113525390625,10.627535917010391
109,mps,stone_canyon,150,-151238.89375728084,-151239.4115572808,518,False,-3.6640558277567226,0.7618804990294544,0.05124082271630565,4.5276199849446614,1.0807447262605032,3.4468752702077228,0.088652,1565.17919921875,3435.616455078125,10.522168833995238
110,mps,stone_canyon,150,-107414.84198454319,-107414.72718454318,369,False,0.8646641459378104,0.19498604671605488,0.043339937198907136,4.516254332860311,1.0773231856028238,3.4389311488469443,0.05361333333333333,156.8936767578125,319.6007385253906,10.695151374995476
111,mps,stone_canyon,150,-135867.66324922792,-135867.7638492279,467,False,-1.8218627595404784,0.21639166249195113,0.04730521475896239,4.496857334772746,1.07186967253685,3.424987676938375,0.009267999999999997,820.5203857421875,1700.22607421875,12.04998470901046
112,mps,stone_canyon,150,-99620.47262521404,-99620.36262521405,344,False,2.006234448651473,0.3383111037958103,0.04835348387559255,4.475348682403564,1.0644034433364868,3.4109452327092487,0.062149333333333334,685.8117065429688,1348.8133544921875,11.188153958006296
113,mps,single_training,150,-134810.72097980976,-134810.45797980978,449,False,-2.285531724964579,0.3650482238616678,0.056954551450908185,4.455499715805054,1.0593317290147146,3.396167980829875,0.08149200000000001,829.658935546875,1610.268310546875,11.197258833009982
114,mps,stone_canyon,150,-100612.79555490252,-100612.72635490251,348,False,2.2332755384842553,0.3584723856669734,0.05053126767898599,4.437338482538859,1.053986055056254,3.3833524211247763,0.02790133333333334,880.8529052734375,1778.2855224609375,11.673199542012298
115,mps,single_training,150,-105776.07009804508,-105775.90609804507,351,False,0.6697948651077846,0.1391369885750828,0.05135735341037313,4.4247839530309045,1.0537454271316529,3.3710385258992512,0.073192,484.6552429199219,1170.185302734375,11.046985042019514
116,mps,single_training,150,-86730.10182355417,-86729.84742355414,284,False,2.732632729697507,0.6080745151265702,0.06843813387056191,4.411583159764608,1.0535875169436137,3.3579956404368083,0.09829066666666667,1571.388671875,3553.38134765625,12.301977541996166
117,mps,stone_canyon,150,-142767.04640469176,-142767.02860469176,489,False,-2.206589907153199,0.4364302185916631,0.05582028498252233,4.403049025535584,1.057485924164454,3.3455631081263224,0.007990666666666665,388.02777099609375,723.0531005859375,11.215939957997762
118,mps,single_training,150,-91540.92998722223,-91540.89918722223,300,False,1.558589740221699,0.1698594832085655,0.05846822051952283,4.376667620340983,1.053778735001882,3.322888905207316,0.015488,648.5450439453125,1346.5499267578125,11.126984624977922
119,mps,stone_canyon,150,-147007.51325604625,-147007.37985604626,504,False,-3.2361267100274564,0.6563134356180672,0.04896692624936501,4.355421676635742,1.0555025621255238,3.299919088681539,0.054540000000000005,1233.7425537109375,2492.8076171875,10.805545084003825
120,mps,single_training,150,-129363.41012009497,-129363.320120095,428,False,-2.18254067654411,0.44079380686407,0.07498392372081678,4.332669409116109,1.0542363476753236,3.278433060646057,0.043277333333333334,695.0167846679688,1379.7513427734375,11.460433042026125
121,mps,stone_canyon,150,-137694.79316247316,-137694.53256247318,473,False,-1.7725471005837123,0.23259039816019747,0.05197094907363256,4.303246191342672,1.0492790134747823,3.2539671675364175,0.09648933333333334,714.0938110351562,1519.345947265625,11.56021175000933
122,mps,single_training,150,-112565.04527281527,-112566.16687281527,374,False,-0.3064455146839221,0.09799416277036167,0.06701995797455311,4.270362977981567,1.0389858925342559,3.2313770850499473,0.12802133333333332,217.2446746826172,538.9776000976562,11.190348832984455
123,mps,stone_canyon,150,-129577.98918212458,-129577.83218212458,443,False,-0.5676258404961846,0.08318325037008305,0.047042453152438005,4.244046583175659,1.0287089006106058,3.2153376499811808,0.049988000000000005,123.65706634521484,275.0583190917969,12.30648516700603
124,mps,single_training,150,-122240.97310454871,-122240.84050454872,403,False,-0.5446712201709548,0.20461100886990607,0.05954448472708464,4.21735905011495,1.0149799120426177,3.20237913608551,0.05379866666666667,149.36949157714844,546.8876342773438,11.425865708006313
125,mps,stone_canyon,150,-112103.90988895803,-112103.66748895802,384,False,1.8937964087724686,0.28418206381611527,0.04674769539386034,4.190809383392334,1.0000875731309256,3.1907218170166014,0.10559199999999999,1046.5552978515625,2273.9501953125,10.757372749998467
126,mps,stone_canyon,150,-138052.06479282622,-138052.68799282622,473,False,-0.4168485378225644,0.2298558192255829,0.04824289326556027,4.177255001068115,0.9946534840265909,3.182601512273153,0.0506,419.9148254394531,1209.2718505859375,11.270382499991683
127,mps,single_training,150,-98335.50589625277,-98335.39249625278,326,False,2.2021664194266,0.39780189440896113,0.05635778598797818,4.169763840039571,0.9926759127775828,3.1770879062016806,0.05246266666666667,1204.81005859375,2482.7607421875,11.563290833000792
128,mps,single_training,150,-98363.11448047565,-98362.77108047566,322,False,2.246395721534888,0.47728712431387976,0.07315249723692735,4.168118472099304,0.9950473320484161,3.173071141242981,0.13367866666666667,1386.353271484375,3074.200439453125,11.003332583000883
129,mps,stone_canyon,150,-112764.35762268916,-112764.36302268914,390,False,1.2616455637166897,0.13889510739839656,0.053315500744308034,4.173201044400533,1.002898271083832,3.1703027645746866,0.015790666666666668,557.67919921875,1077.1551513671875,10.698901708994526
130,mps,stone_canyon,150,-134875.60114358983,-134875.4617435898,463,False,-1.0539498475318154,0.134492375089773,0.048747984524816275,4.186783679326376,1.0134791986147562,3.173304470380147,0.041796,501.79180908203125,1113.6051025390625,10.527717290999135
131,mps,single_training,150,-91185.0025734737,-91184.86657347369,298,False,1.9991465145349503,0.259450965821743,0.06857682911058267,4.189647374153137,1.0202617692947387,3.169385584195455,0.058429333333333326,827.367919921875,1620.0191650390625,10.84989320798195
132,mps,stone_canyon,150,-104817.31389873108,-104817.21649873108,362,False,1.0435232383757829,0.20089772230649638,0.04942902745058139,4.200403130849202,1.0303904100259145,3.170012717247009,0.051097333333333335,214.9788055419922,333.6350402832031,10.370191791997058
133,mps,stone_canyon,150,-117952.34318085575,-117954.10938085573,402,False,-0.5106490563228726,0.2312795981396751,0.038190645078818,4.209694477717082,1.041938856045405,3.1677556149164836,0.02567333333333333,612.3116455078125,1345.229736328125,10.829638958006399
134,mps,stone_canyon,150,-75211.85740730134,-75211.82980730133,258,False,2.789406598700831,0.8418974090010124,0.03853860758865873,4.220301866531372,1.0527755800882976,3.167526297569275,0.014890666666666667,631.83056640625,1009.2935180664062,11.18068495899206
135,mps,stone_canyon,150,-119071.60832551935,-119071.56152551934,410,False,-1.4751608433698615,0.2906061621393989,0.05139896546800931,4.2240849256515505,1.0678220176696778,3.156262911160787,0.022565333333333337,1048.5194091796875,2322.70361328125,10.913842750014737
136,mps,stone_canyon,150,-137384.3815965644,-137384.20279656438,469,False,-3.476733584801356,0.817381342848142,0.06056382015347481,4.224264537493388,1.0787861160437267,3.145478409131368,0.09139733333333334,1690.45751953125,3586.54931640625,11.203891333017964
137,mps,single_training,150,-89127.43436287151,-89127.3315628715,297,False,-0.14671550004432599,0.3280100717351282,0.06236215054988861,4.223560032844543,1.0856285707155864,3.1379314629236856,0.05851733333333333,715.5776977539062,1820.865966796875,10.978792375011835
138,mps,single_training,150,-117334.34209485081,-117334.2270948508,382,False,-2.424062868778904,0.6175009851460338,0.06339052145679792,4.2190293629964195,1.0899313187599182,3.1290980434417723,0.054404,1204.4173583984375,2569.361572265625,10.91735824997886
139,mps,single_training,150,-93235.39411579646,-93235.30611579643,310,False,-0.0019237394475688538,0.16442183087861584,0.05144015087435643,4.214380621910095,1.0929407314459483,3.12143989721934,0.042912,385.58050537109375,1080.039306640625,10.947464958007913
140,mps,single_training,150,-93649.37445979122,-93649.28025979118,309,False,0.7476753829761098,0.11134699893216786,0.06628137182444334,4.214523084958395,1.090165407260259,3.1243576765060426,0.03976400000000001,558.3690185546875,1333.76318359375,11.018943999981275
141,mps,stone_canyon,150,-73427.40427145569,-73427.25987145571,252,False,3.2557802691838393,0.881208315486947,0.04307571470116576,4.218923627535502,1.0912266163031261,3.1276970227559406,0.05458666666666666,927.4110107421875,1636.0535888671875,11.283228334010346
142,mps,stone_canyon,150,-107339.96575938977,-107339.80955938977,370,False,0.5079409635066986,0.07092398853274062,0.05266677285544574,4.226041539510091,1.0941984049479168,3.131843132972717,0.060524,290.5355529785156,651.5958251953125,11.360059999977238
143,mps,stone_canyon,150,-125997.77827759917,-125997.70027759917,430,False,-1.6260136711597442,0.18255352739807373,0.045478699415301284,4.2370091152191165,1.1003085362911225,3.136700579325358,0.03782666666666667,664.8453979492188,1333.3038330078125,12.401121583010536
144,mps,single_training,10,-60.74739652427793,-60.74499652427794,0,True,10.146963024139405,4.067976331710815,0.007430220255628228,4.472862815856933,1.3240818738937379,3.148780918121338,0.01608,93.31935119628906,261.2450256347656,0.7779016249987762
145,mps,single_training,150,-127887.43291257255,-127887.17311257253,420,False,-2.800470853410661,0.6048151081795126,0.0860111956577748,4.291507458686828,1.1096752278010051,3.181832234064738,0.08258266666666668,935.554931640625,1811.33740234375,12.471537542005535
146,mps,stone_canyon,150,-150535.38083986408,-150535.14983986408,515,False,-3.948760301694274,0.9577309133890473,0.05766236663485567,4.320928832689921,1.1105726901690165,3.2103561480840046,0.10020133333333332,1201.9700927734375,2247.561767578125,11.14580945900525
147,mps,stone_canyon,150,-111730.05675912887,-111729.87775912885,384,False,0.19056367651559414,0.07811653373571782,0.052689677060892184,4.340215786298116,1.1058231949806214,3.2343925921122234,0.06477466666666666,131.3590545654297,336.83123779296875,11.328555624990258
148,mps,stone_canyon,150,-129169.43405781651,-129170.01585781654,445,False,-1.3295552620788416,0.1581746967571477,0.061783978696912524,4.342013525962829,1.0995980028311412,3.242415507634481,0.10087066666666666,340.13336181640625,564.838623046875,10.895114999992074
149,mps,single_training,150,-99331.80149250665,-99331.44849250664,327,False,1.0051494644644359,0.24611219868716339,0.06576114520430565,4.345337176322937,1.094682333866755,3.2506548404693603,0.143916,843.6345825195312,2040.314208984375,11.562707375007449
150,mps,single_training,150,-113608.7150240677,-113608.6702240677,373,False,-0.6157562487230946,0.27764313561670556,0.05400656805063287,4.353715634346008,1.0940301827589671,3.2596854321161906,0.023853333333333334,125.4958724975586,489.2641906738281,11.032741874980275
151,mps,single_training,150,-146539.2208786581,-146540.0484786581,485,False,-3.5286153997977574,0.9527499654601949,0.057528940650324024,4.354654122988383,1.0791509274641673,3.2755032126108805,0.084728,1002.645751953125,1639.1114501953125,11.612970083981054
152,mps,single_training,150,-97374.31062999606,-97374.19902999605,318,False,1.6662848352547734,0.3154550322953234,0.06565413439025482,4.356520881652832,1.0637093464533487,3.2928115113576255,0.055743999999999995,1069.8358154296875,2413.9169921875,11.089023749984335
153,mps,single_training,150,-144094.34613885844,-144095.7419388584,476,False,-2.975545253350089,0.833163956854199,0.0700408029059569,4.363989553451538,1.0532701750596365,3.310719380378723,0.09004666666666666,790.6573486328125,1310.19970703125,11.04744424999808
154,mps,single_training,150,-122278.38171285496,-122278.04671285496,408,False,-0.7785894326493144,0.18439798669302643,0.07363828225682179,4.37276937007904,1.043461734453837,3.329307648340861,0.12623600000000001,132.02020263671875,401.6627502441406,11.333103083015885
155,mps,single_training,150,-110526.35645185293,-110526.08185185293,365,False,1.2730659428238869,0.7235306800172354,0.06552195134883125,4.382873452504476,1.0290486749013266,3.353824780782064,0.11837466666666667,1477.1368408203125,3620.717529296875,11.056914250017144
156,mps,stone_canyon,150,-139139.75189582317,-139139.66809582312,477,False,-1.166544365969797,0.17394213828488014,0.04620925676698486,4.39613123734792,1.0210646243890127,3.375066606203715,0.04532666666666666,171.111328125,279.56646728515625,10.826731416978873
157,mps,stone_canyon,150,-137101.26368043319,-137100.9582804332,471,False,-0.7596834530246754,0.16943658963852234,0.05623680125921965,4.403082424799601,1.011956520875295,3.391125892003377,0.11344133333333334,196.6990509033203,621.3799438476562,10.794601040979614
158,mps,stone_canyon,150,-109845.40879438494,-109845.39499438491,379,False,2.0859306480983895,0.3683920534184532,0.05385472051799298,4.406568169593811,1.0040159559249877,3.4025522311528524,0.007169333333333334,1124.8265380859375,2359.545654296875,10.865555917000165
159,mps,stone_canyon,150,-88528.5962551101,-88528.57825511011,303,False,3.028927853902181,0.6150860346116436,0.031072989668076235,4.412460624376933,0.9983675356705983,3.414093089103699,0.008176,763.37158203125,1206.168212890625,10.956332041008864
160,mps,single_training,150,-152870.52116600407,-152870.42896600405,495,False,-4.151992521372934,1.1128984703266482,0.07949251213731866,4.42121733824412,0.9973359286785126,3.423881419499715,0.04206000000000001,1802.015625,3681.797607421875,10.822183083975688
161,mps,stone_canyon,150,-130683.33345460962,-130682.94985460959,451,False,-0.5854473909611503,0.06188467013358604,0.06198050514174004,4.425273335774739,0.9939364393552145,3.4313369099299114,0.13673066666666667,202.8311004638672,454.41796875,11.717933915992035
162,mps,stone_canyon,150,-100379.31086223271,-100379.1672622327,343,False,1.402777138891009,0.23790220188991384,0.04691872993484139,4.424180108706157,0.9865599449475606,3.4376201661427817,0.061173333333333337,179.64981079101562,465.43609619140625,12.015266333008185
163,mps,single_training,150,-98076.66662612057,-98078.11142612055,320,False,1.1729409485310316,0.14824796616807967,0.07005335212995609,4.42596519947052,0.9826288259029389,3.443336386680603,0.09323466666666666,390.19049072265625,695.3848266601562,11.090213415998733
164,mps,single_training,150,-112861.19598359156,-112860.90598359153,371,False,-0.45483623549342156,0.09089455095282271,0.06048208519195517,4.425707810719808,0.9797894910971323,3.445918307304382,0.10749600000000001,140.32351684570312,380.8680725097656,11.027555958979065
165,mps,single_training,150,-151922.84114794314,-151922.6505479431,495,False,-4.7008556556204955,1.2555423782680495,0.06443283013999462,4.4231702327728275,0.9755797678232193,3.447590470314026,0.05594533333333333,1645.8067626953125,3367.6357421875,10.974155250005424
166,mps,single_training,150,-96630.40666867074,-96630.30166867073,318,False,1.1379234404303133,0.16322008050167294,0.08259453112880388,4.4139408095677695,0.965294431646665,3.448646378517151,0.05049466666666667,328.5535583496094,1134.7412109375,10.962776166998083
167,mps,stone_canyon,150,-144260.98890283075,-144261.4413028308,493,False,-2.5375433559715748,0.46307653862138975,0.06387663086255392,4.410512167612712,0.9591177576780319,3.451394418080648,0.05499199999999999,1242.6673583984375,2656.790283203125,11.00364329200238
168,mps,stone_canyon,150,-147661.27245797843,-147661.54645797843,504,False,-1.9685767989093437,0.24346673613766748,0.057262472063303,4.4078682359059655,0.9535224097967148,3.4543458302815755,0.09653600000000002,554.912353515625,1032.0635986328125,11.072804875002475
169,mps,stone_canyon,150,-138489.87314013852,-138489.8429401385,475,False,-0.8282604589685798,0.10747942315651017,0.04492847646897038,4.4005906295776365,0.943377512494723,3.457213093439738,0.01194,289.4337463378906,601.0950927734375,11.426310709008249
170,mps,single_training,150,-96423.46259484772,-96423.31679484773,316,False,2.6874941567579906,0.4978428737819195,0.060999302044510845,4.3892422294616695,0.9294653920332591,3.4597768370310464,0.057790666666666664,1414.3160400390625,2995.731689453125,10.941954875015654
171,mps,single_training,150,-103952.20516343797,-103952.01436343796,345,False,1.664799373249213,0.19642927564821244,0.05569064618088305,4.382951607704163,0.9210172160466512,3.4619343852996827,0.09888799999999999,701.2430419921875,1369.483154296875,10.83882212502067
172,mps,stone_canyon,150,-128298.99222037166,-128298.91542037166,441,False,0.3631259695731569,0.0654633630903044,0.050385791355123125,4.378640610376994,0.915354865193367,3.4632857418060303,0.039538666666666666,99.61807250976562,273.3087158203125,11.10886979199131
173,mps,stone_canyon,150,-109409.90148207065,-109409.81388207064,375,False,2.0553756990035374,0.2986786401399877,0.04925111752624313,4.378752938906351,0.9146355491876602,3.464117379188538,0.04457333333333333,734.72607421875,1367.4635009765625,11.044914540980244
174,mps,single_training,150,-107664.88743866276,-107664.65083866274,353,False,1.4496461719786748,0.2509048452486983,0.08682137589591245,4.3793076960245765,0.915050022204717,3.4642576535542804,0.10091333333333334,948.45068359375,2096.10595703125,10.902886583004147
175,mps,stone_canyon,150,-104723.08274373742,-104723.02094373746,358,False,1.8336360195775827,0.28919422937285466,0.04622934464675685,4.384595042864482,0.9202070657412211,3.4643879747390747,0.03703866666666667,641.413330078125,1236.7801513671875,11.059177417017054
176,mps,stone_canyon,150,-99236.22530873686,-99235.88950873686,339,False,1.9496620809535186,0.2337323525273435,0.04613858970192571,4.388309796651204,0.9237529100974401,3.4645568974812826,0.10182266666666667,836.7501220703125,1704.527587890625,11.003062292002141
177,mps,single_training,150,-145065.92298535557,-145065.7971853556,477,False,-4.128637609481811,1.0981430949022373,0.07758483320474624,4.3931999031702675,0.92858201165994,3.4646178897221884,0.06497466666666667,1858.652099609375,3866.560546875,10.807320791005623
178,mps,stone_canyon,150,-73558.73625051038,-73558.64105051037,253,False,3.65697750604401,1.1343989251603974,0.031179000300665696,4.395752191543579,0.9312738221883774,3.4644783782958983,0.02958400000000001,760.0023193359375,1398.5821533203125,10.95958595801494
179,mps,stone_canyon,150,-126306.05271723821,-126306.09511723822,435,False,-1.689935717942814,0.1706709305433348,0.04754381735498706,4.4002326965332035,0.9360178500413895,3.4642148494720457,0.029999999999999995,533.3235473632812,1050.687744140625,10.889533791982103
180,mps,single_training,150,-120917.46226486482,-120917.44686486482,398,False,-2.7516575178907563,0.6464994949456604,0.07586137216538191,4.401244543393453,0.9377968829870224,3.463447642326355,0.0072306666666666665,1415.3955078125,3050.619873046875,10.84478158300044
181,mps,single_training,150,-102825.2340531371,-102825.01205313708,339,False,-1.1126426056213676,0.40117972441972144,0.06292689144611359,4.400015137990316,0.9380354950825374,3.4619796641667686,0.09704533333333334,1017.4733276367188,2331.017822265625,11.69985954198637
182,mps,stone_canyon,150,-139092.73453942465,-139092.58133942462,477,False,-3.2573587894439697,0.7787999286999305,0.05548547673970461,4.3952704604466755,0.9354689158995946,3.45980154355367,0.06978133333333333,1722.9635009765625,3599.716064453125,11.057509834005032
183,mps,single_training,150,-105078.71357524837,-105079.65237524836,346,False,-0.5460296486193935,0.09839039003951257,0.0723219492038091,4.3915714152654015,0.9342878592014313,3.45728355884552,0.07413066666666668,130.84373474121094,649.20654296875,10.944770041009178
184,mps,stone_canyon,150,-125538.40056665521,-125538.34516665523,432,False,-0.8011699720937758,0.08059101319436801,0.05654868128399054,4.388265455563863,0.9318241834640503,3.4564412689208983,0.029830666666666658,72.09219360351562,319.02398681640625,11.270765541994479
185,mps,stone_canyon,150,-138766.4418864296,-138766.0766864296,477,False,-2.858539801898102,0.6883015737924143,0.04520747158676386,4.386812219619751,0.9309865955511729,3.4558256340026854,0.14017066666666672,1588.5377197265625,3584.42138671875,11.092810375004774
186,mps,single_training,150,-86126.61037733554,-86126.51097733554,285,False,2.0001701827843985,0.23891827988438308,0.07209397276863455,4.3784379371007285,0.9236997600396474,3.4547381893793743,0.05239333333333334,562.6109008789062,1062.2669677734375,11.115003791986965
187,mps,single_training,150,-131653.25806865894,-131653.14546865894,429,False,-2.249071281005939,0.43678037415935855,0.06237391539849341,4.374544418652852,0.9218778485059738,3.4526665671666463,0.06382,846.1448364257812,1727.43798828125,10.904040499997791
188,mps,stone_canyon,150,-124749.11108861439,-124748.9700886144,429,False,-0.3264099735766649,0.13938533713235907,0.06069548370316625,4.369879080454509,0.9193128645420074,3.45056622505188,0.07781733333333332,481.7751770019531,1236.459716796875,11.071844291000161
189,mps,single_training,150,-135379.9825790754,-135379.77677907542,441,False,-1.8981473500778279,0.4309150051951292,0.07659624940094849,4.36318655649821,0.9145562122265498,3.4486303440729777,0.09783866666666666,431.982421875,832.264404296875,10.942921582987765
190,mps,stone_canyon,150,-126160.28077261752,-126160.1821726175,435,False,1.0292085371290645,0.3629195532478851,0.061497829135817784,4.352900360425314,0.9096648836135864,3.443235476811727,0.04941733333333333,1039.9808349609375,2412.4423828125,10.986556165997172
191,mps,stone_canyon,150,-114186.66124101913,-114186.68484101915,394,False,2.1681102155397336,0.3472861974800617,0.06070295572746545,4.3475398302078245,0.9083450436592102,3.4391947682698567,0.013087999999999999,1093.3857421875,2240.933837890625,10.805551666999236
192,mps,stone_canyon,150,-98570.79043579038,-98570.70383579038,337,False,3.5544616758823393,0.791987781021744,0.045545426521760725,4.34266846815745,0.9081918281316758,3.4344766346613564,0.04254533333333333,1595.924072265625,3144.17578125,10.735198040987598
193,mps,single_training,150,-116098.5066189289,-116098.35261892891,381,False,0.9740200081832396,0.19625381046448306,0.06242854951570431,4.339128306706747,0.9091305756568908,3.429997712771098,0.07846933333333335,764.3336791992188,1724.7137451171875,10.860935583012179
194,mps,stone_canyon,150,-112040.54477628425,-112040.46377628423,384,False,1.8218274317433436,0.22350062322885303,0.05270764272039135,4.33637090365092,0.911312398314476,3.425058504740397,0.03298533333333333,642.88818359375,1181.9747314453125,10.900995292002335
195,mps,stone_canyon,150,-123333.68048310904,-123333.61568310906,426,False,0.04273068918536107,0.14724372575265685,0.050998957548290494,4.338474187850952,0.9183351186911265,3.420139071146647,0.033605333333333334,351.9609069824219,1029.505126953125,10.927027500001714
196,mps,single_training,150,-118556.81505457411,-118556.6510545741,384,False,-0.011519989681740601,0.03578908891252771,0.08844537896104157,4.338142937024434,0.9228399431705475,3.4153030061721803,0.07232000000000002,118.00594329833984,429.4574279785156,10.989650625007926
197,mps,stone_canyon,150,-147627.38470497524,-147627.27970497523,509,False,-1.4923452850307029,0.2721079834361808,0.05602486754457156,4.333520940144857,0.9269798199335734,3.4065411202112834,0.053550666666666684,174.555908203125,331.7895202636719,10.912327833008021
198,mps,stone_canyon,150,-97314.36886508133,-97315.08166508136,336,False,2.51262339040637,0.42575095739855895,0.05282234718402227,4.320548117955526,0.9268921889861425,3.393655915260315,0.04450666666666666,825.1769409179688,1598.2034912109375,11.17432774999179
199,mps,stone_canyon,150,-92790.95234134697,-92790.86354134697,320,False,2.220496130983035,0.30417957935559875,0.08455499271551768,4.311458821296692,0.9284128650029501,3.3830459547042846,0.04367466666666667,626.4429321289062,1685.7183837890625,11.063210082997102
200,mps,stone_canyon,150,-104928.25850576491,-104928.1167057649,362,False,1.7077061614642541,0.27852574017243265,0.08355253865321477,4.307577435175578,0.9298995204766591,3.3776779254277547,0.05117466666666666,454.67767333984375,1426.1109619140625,11.26782879201346
201,mps,single_training,150,-104546.43897087548,-104546.19077087546,341,False,-0.5085815414631119,0.3492670696206202,0.06956600806365411,4.312766065597534,0.934580171306928,3.37818589369456,0.10544933333333334,893.2744140625,2203.357177734375,11.647405958996387
202,mps,single_training,4,18.656540444145037,18.661340444145033,0,True,10.775274753570557,4.9148558378219604,0.014489431632682681,4.725299715995789,1.3507506251335144,3.374549150466919,0.09940000000000002,30.320096969604492,54.80218505859375,0.34276812500320375
203,mps,stone_canyon,150,-115260.2091043212,-115260.09550432119,399,False,-0.8007968495289485,0.08444825509497605,0.051234832148378096,4.326018195152283,0.9422013578812282,3.3838168462117513,0.040469333333333336,520.46826171875,1093.7568359375,11.307991500012577
204,mps,stone_canyon,150,-145469.96711884686,-145469.93491884685,498,False,-3.9301482892036437,1.070797425309817,0.05874814340223869,4.337768816947937,0.9476021846135457,3.3901666323343913,0.015521333333333331,1948.1990966796875,3963.00634765625,11.168306500010658
205,mps,stone_canyon,150,-119291.7854241737,-119291.5246241737,413,False,-1.8781814491127928,0.699569776680922,0.06243243561436733,4.347802742322286,0.9513482320308685,3.3964544932047525,0.127392,1527.16357421875,3215.70947265625,11.145896709000226
206,mps,stone_canyon,150,-97676.73225077533,-97676.56685077533,336,False,0.017278618986407916,0.6735764149242217,0.05334113632173588,4.359211130142212,0.9572162928183874,3.401994824409485,0.05580666666666667,953.1370849609375,2175.567138671875,10.95277362500201
207,mps,stone_canyon,150,-136442.56967872207,-136443.23127872206,470,False,-3.0839915692806246,0.93567345454668,0.07865676747014125,4.362791560490926,0.9582767786582311,3.404514775276184,0.0464,1844.154296875,3981.586181640625,11.342522958002519
208,mps,stone_canyon,150,-88344.86349625018,-88344.75929625018,304,False,2.721269228855769,0.5719239145088553,0.0679153574615096,4.366316734949748,0.9593972275654475,3.4069194904963176,0.048652,898.931640625,1846.9906005859375,11.132946708006784
209,mps,single_training,150,-108777.80306864249,-108777.54966864243,355,False,-0.3907514435487489,0.13705037602800074,0.12179050375707448,4.371272583007812,0.9622617081801097,3.4090108633041383,0.09507866666666666,130.91993713378906,704.8016967773438,11.56782470800681
210,mps,stone_canyon,150,-132080.02861542482,-132079.85901542485,452,False,-1.202206927233686,0.19342730070902084,0.08049568258070697,4.3770404720306395,0.967160239815712,3.4098802407582602,0.07826666666666668,158.0286102294922,736.7048950195312,11.04997804199229
211,mps,single_training,150,-89346.68685620064,-89346.59765620064,293,False,1.8847762462543323,0.2736332974324493,0.06970662091393023,4.3791814088821415,0.9735024436314901,3.4056789890925088,0.04642933333333333,765.7369995117188,1675.017578125,10.944475500000408
212,mps,stone_canyon,150,-111644.48170325464,-111644.46910325467,383,False,0.945766795873642,0.09018416482293447,0.06412405502516777,4.385568497975667,0.9821530791123708,3.40341543674469,0.007148000000000001,466.8669738769531,1001.2705078125,11.030237792001572
213,mps,single_training,150,-108339.82360747868,-108339.70480747867,355,False,-0.2963871503807604,0.22219866483963652,0.0654908525912712,4.392317070960998,0.991948415239652,3.4003686650594074,0.038589333333333344,589.9537963867188,1557.54345703125,11.217867917002877
214,mps,stone_canyon,150,-130007.64657099616,-130007.45497099617,446,False,-1.1017716182333728,0.15294235666449368,0.05534503953841825,4.397074588139852,0.999419041077296,3.3976555426915485,0.05290400000000001,593.4322509765625,1364.782958984375,11.174957832990913
215,mps,single_training,150,-147511.57279800455,-147511.41299800453,498,False,-3.500860545436541,0.8369282046356239,0.06618837921569745,4.402641541163127,1.0063866782188415,3.396254890759786,0.08619866666666666,1169.6536865234375,2357.955810546875,11.357386167015648
216,mps,single_training,150,-117444.58003719106,-117444.40523719105,384,False,-0.38945262470593056,0.10544677648688472,0.0806975907832384,4.407438459396363,1.0127365533510844,3.3947018925348917,0.07463199999999999,97.79981994628906,265.22930908203125,11.073617999994894
217,mps,stone_canyon,150,-143373.3879269192,-143373.10952691923,488,False,-1.4775958089033763,0.20321695610706228,0.05039582919329405,4.412132447560628,1.0184451945622761,3.3936872561772664,0.127784,586.8427734375,1275.0791015625,11.215101125009824
218,mps,single_training,150,-114602.06974313298,-114601.97054313296,375,False,0.424899782941211,0.09939051591603555,0.07053863115608693,4.4160107421875,1.0226141254107157,3.393396620750427,0.053810666666666666,270.4039611816406,641.44970703125,11.111876417009626
219,mps,stone_canyon,150,-118040.53967937433,-118040.39227937434,406,False,1.59077812904492,0.2227874191337575,0.07195411848525206,4.421283634503682,1.027796125014623,3.3934875122706094,0.04119866666666667,616.6384887695312,1438.056640625,11.097943875007331
220,mps,stone_canyon,150,-125763.57481615327,-125763.4692161533,434,False,1.0085971450805664,0.27853988057788226,0.07060920606056849,4.434944012959798,1.037320433060328,3.39762357711792,0.04725600000000001,855.9055786132812,2140.490478515625,11.550860541989096
221,mps,stone_canyon,150,-113702.35287059988,-113702.02767059985,391,False,1.8003837651014327,0.23230221578967758,0.05838928930461407,4.450228668848673,1.0476713581879933,3.402557291984558,0.13052533333333335,752.5283813476562,1666.8033447265625,11.601719583006343
222,mps,stone_canyon,150,-132195.91875983283,-132195.7363598328,453,False,0.29212686212267724,0.1478136246199718,0.05450114539513985,4.467975238164266,1.0583852875232695,3.4095899566014607,0.07071200000000001,431.449951171875,1036.1446533203125,11.42449674999807
223,mps,stone_canyon,150,-157690.3452620183,-157690.06686201826,539,False,-2.2806681811312832,0.48214820059401975,0.05074187039708098,4.48810089747111,1.0721428481737774,3.415958038965861,0.07834133333333333,390.9944763183594,614.3380737304688,11.21015054199961
224,mps,stone_canyon,150,-106221.83602566937,-106221.63822566938,366,False,1.8794044756889343,0.34276929036677756,0.05163427150497834,4.504024117787679,1.082218105395635,3.421806015968323,0.09885466666666666,333.0802001953125,578.8142700195312,11.19996666701627
225,mps,stone_canyon,150,-142873.00288424466,-142872.64408424473,491,False,-1.5327879025476674,0.33655200505480026,0.054179318429281316,4.523638172149658,1.0943524261315665,3.4292857392628986,0.12975466666666666,178.2255096435547,539.1483154296875,10.930881417007186
226,mps,single_training,150,-103957.03324040414,-103956.82944040415,343,False,0.5923987366817891,0.08906848234644713,0.06344908568697671,4.538511819839478,1.1009404492378234,3.4375713857014976,0.08799066666666666,60.157447814941406,319.0850830078125,11.360444250021828
227,mps,stone_canyon,150,-108983.6677703621,-108984.17537036214,375,False,1.3225180892149608,0.1462693688105234,0.04717212289882203,4.550778309504191,1.1092245535055796,3.441553751627604,0.049509333333333336,497.3667297363281,1036.17626953125,11.549584916996537
228,mps,single_training,150,-126905.17259287334,-126904.94719287334,409,False,-2.144004653443893,0.330462408910195,0.05805553608573973,4.562857090632121,1.1178970980644225,3.4449599965413413,0.07970799999999999,820.3644409179688,1822.409423828125,11.282054082985269
229,mps,stone_canyon,150,-116955.24314963854,-116955.04814963853,402,False,0.7179039702005684,0.17048775454350712,0.04960687236860394,4.569956289927164,1.1225646817684174,3.4473915926615395,0.07025733333333332,296.87274169921875,645.5579223632812,11.240757332998328
230,mps,single_training,150,-116340.8156026748,-116340.5756026748,381,False,-1.0791022875842948,0.10269381177518881,0.057490927583227554,4.579362840652466,1.1285035769144693,3.4508592669169107,0.09927200000000001,248.86412048339844,587.1661987304688,11.02009312500013
231,mps,single_training,150,-97644.31855148822,-97644.08315148824,323,False,0.35225225208327177,0.09513582469717222,0.05932894038657347,4.584308684666952,1.1312433036168417,3.4530653937657676,0.08320666666666668,145.64981079101562,446.3568115234375,10.896281291003106
232,mps,stone_canyon,150,-109920.7163723471,-109920.56117234711,377,False,-0.18752176467329262,0.3634817765498974,0.044622024142493805,4.587787097295125,1.133331480026245,3.4544555966059365,0.06897866666666666,674.5929565429688,1777.5274658203125,11.020579000003636
233,mps,stone_canyon,150,-134645.99253256372,-134645.80973256374,463,False,-2.0567185484617947,0.2732262769790638,0.04700957909226418,4.588189735412597,1.1329651077588399,3.455224625269572,0.054498666666666654,808.1777954101562,1814.8394775390625,10.841416458017193
234,mps,single_training,150,-108312.24922490973,-108312.02062490972,355,False,-0.08367151999341635,0.027286683325110084,0.06605747668693462,4.589253072738647,1.1326421284675598,3.4566109482447307,0.08710533333333335,116.39812469482422,286.18609619140625,10.63776420801878
235,mps,single_training,150,-142736.47265155453,-142736.2240515545,460,False,-3.3199444930503765,0.6623992508955416,0.06198670210937659,4.593337666193644,1.13476003408432,3.458577636082967,0.10965466666666669,1025.9010009765625,2098.183349609375,10.761598208016949
236,mps,single_training,150,-102837.37882426879,-102837.09682426881,339,False,1.698950371829172,0.2931648563138136,0.0680572077135245,4.595830799738566,1.1356368454297383,3.460193955103556,0.10708000000000001,941.3458862304688,2338.9609375,11.129017958010081
237,mps,single_training,150,-142241.11964890582,-142241.0042489058,462,False,-2.3790326559155557,0.40576883389276486,0.059591142075757185,4.599549519220988,1.1382836266358693,3.4612658993403116,0.060857333333333326,479.6427917480469,845.8762817382812,11.050476916017942
238,mps,stone_canyon,150,-142193.15535610926,-142192.9287561092,492,False,-1.3209168485800424,0.16943719997652806,0.05314506972829501,4.596585655212403,1.135054922501246,3.4615307331085203,0.09083866666666666,426.77392578125,1053.579833984375,10.812922249984695
239,mps,stone_canyon,150,-144735.64557553886,-144735.5047755389,498,False,-1.1235563544370235,0.20799031055129186,0.046557340224583944,4.588856004079183,1.1271028804779053,3.4617531315485635,0.06699466666666666,215.07826232910156,445.0862731933594,10.732733208977152
240,mps,stone_canyon,150,-114270.75111432401,-114270.94811432403,393,False,3.2644364742437997,0.8149877396340405,0.044112337951858836,4.572853234608968,1.1118582499027252,3.4609949890772502,0.053393333333333334,1551.726318359375,3563.301513671875,11.11528758300119
241,mps,stone_canyon,150,-163200.52279260507,-163200.12819260507,560,False,-0.6541913970311483,1.0479191853574594,0.052009331633647286,4.563753890991211,1.1031196745236715,3.4606342029571535,0.1429693333333333,900.7445678710938,2807.631103515625,11.587160291004693
242,mps,stone_canyon,150,-112791.1380815927,-112791.01748159273,387,False,3.408579417107006,0.7588878302611617,0.044766642227768896,4.556987648010254,1.096119037469228,3.4608685986200967,0.052982666666666664,1520.3974609375,3225.930908203125,11.224481417011702
243,mps,single_training,150,-117611.42113284099,-117611.11833284098,385,False,1.663032898035987,0.29001054453297037,0.05811545436580976,4.556091407140096,1.0949971501032512,3.4610942459106444,0.13316533333333336,674.6290893554688,1530.4085693359375,11.19355170801282
244,mps,stone_canyon,150,-123361.07645704638,-123360.98525704638,425,False,2.214502979355554,0.4146642321457936,0.0485745792898039,4.561015567779541,1.1001211627324423,3.4608944257100425,0.04513600000000001,1139.4451904296875,2551.557373046875,11.14968724999926
245,mps,stone_canyon,150,-169988.93629711913,-169988.64229711914,580,False,-2.6475554472704728,0.758011589502809,0.05036879350120822,4.569028832117716,1.1082205454508463,3.4608083089192707,0.11771733333333335,354.48394775390625,625.9166870117188,10.937752249999903
246,mps,stone_canyon,150,-111220.58137954227,-111221.45897954227,385,False,2.6715678109476966,0.45931359277620987,0.046772928449014824,4.565944016774496,1.1047188719113668,3.4612251440684,0.06549066666666667,914.9991455078125,1754.505859375,11.049298458005069
247,mps,single_training,150,-102700.66068205252,-102700.52888205253,334,False,2.5007158533732095,0.3950046975662311,0.046833874726047116,4.56673487663269,1.1054946358998616,3.4612402518590293,0.07174533333333333,1008.9548950195312,2144.924072265625,11.539410999976099
248,mps,single_training,150,-130287.24086146614,-130286.95586146614,428,False,-0.6200026181309174,0.10190725133945079,0.0579049000206093,4.570666678746542,1.1094911837577819,3.4611754830678305,0.10027866666666664,118.5818099975586,378.8930358886719,11.50792000000365
249,mps,stone_canyon,150,-97906.90518380389,-97906.7999838039,335,False,3.390562426572045,0.6449901651194281,0.04417202634116014,4.575869417190551,1.115237259467443,3.460632158915202,0.03271200000000001,1025.6400146484375,1988.069580078125,11.146415833005449
250,mps,stone_canyon,150,-159321.1936514659,-159320.9016514659,548,False,-3.5285344593723615,0.6980275258406375,0.05134163599461317,4.584677693049113,1.123916038274765,3.4607616519927977,0.10353066666666669,1226.167724609375,2582.3515625,11.284155458008172
251,mps,single_training,150,-106765.14859861141,-106764.93439861143,348,False,0.17547741167247297,0.15437546345143346,0.04767831169068813,4.58924414952596,1.128457061847051,3.4607870753606162,0.08668133333333332,282.9373779296875,831.5147094726562,10.916911250009434
252,mps,single_training,150,-119085.87245305534,-119085.78665305534,388,False,-1.2285253644478507,0.2437572434542445,0.05179654859006405,4.593092215855917,1.1320580597718557,3.461034173965454,0.04655333333333333,743.2506713867188,1674.5621337890625,10.80068775001564
253,mps,single_training,150,-122385.40116292554,-122384.78076292554,405,False,-1.3259113054536282,0.20530546591860718,0.06701058354228735,4.594478826522828,1.1330986213684082,3.4613802003860474,0.14548000000000005,647.1921997070312,1442.759765625,10.999370583012933
254,mps,single_training,150,-114339.53452676244,-114339.33392676244,376,False,-0.6139655483824511,0.22671662868617812,0.048121772352606056,4.595265175501505,1.1332775473594665,3.461987633705139,0.07677733333333334,503.0569763183594,1299.147216796875,11.468145125021692
255,mps,single_training,150,-100177.79610303065,-100177.5553030306,328,False,1.5742257301012674,0.15777853956989324,0.05803449582308531,4.594735533396403,1.1322559456030528,3.462479600906372,0.10042133333333335,438.7791442871094,818.9030151367188,11.01089329199749
256,mps,single_training,150,-94510.96005539854,-94510.86125539854,308,False,2.5368246738115947,0.33808188993483784,0.05732757541040579,4.592913487752279,1.1303431459267934,3.4625703541437787,0.046237333333333325,890.4345092773438,1789.16162109375,10.921787667000899
257,mps,stone_canyon,150,-121141.9029551693,-121141.79415516931,418,False,-0.16168694849126042,0.4091915088158112,0.04683645626530051,4.5955164337158205,1.1330019895235697,3.462514441808065,0.053109333333333335,697.2681274414062,1678.9989013671875,10.855896166991442
258,mps,stone_canyon,150,-138816.07546161048,-138815.9022616105,478,False,-2.1025417421013115,0.5448761430881374,0.048089316760500274,4.596120907465617,1.1337947968641917,3.46232612768809,0.07259733333333335,1168.8795166015625,2715.117919921875,11.006496457994217
259,mps,single_training,150,-178893.95277176602,-178893.80397176606,581,False,-6.660300093690554,2.2928456415984937,0.0710117107629776,4.594609502156575,1.1326544030507406,3.461955083211263,0.06595466666666666,2020.1646728515625,4021.636962890625,11.442813250003383
260,mps,stone_canyon,150,-131654.28555171753,-131654.67375171752,452,False,0.23808762402273714,0.1307392173694704,0.04901356901973486,4.588336811065674,1.127038455804189,3.46129834651947,0.06795866666666667,243.56712341308594,508.0243225097656,11.225078749994282
261,mps,stone_canyon,150,-137667.46931396626,-137667.09511396624,472,False,-1.402265664190054,0.2759192830662748,0.045379435724268356,4.590469080607097,1.1294845445950825,3.460984555880229,0.12341733333333328,719.4705810546875,1756.5399169921875,11.862162875011563
262,mps,stone_canyon,150,-154911.09006828198,-154910.88886828197,532,False,-2.6279879338294267,0.44574221141330783,0.047475398474683364,4.589672129948934,1.128872611920039,3.4607995144526162,0.08543999999999997,1001.46728515625,2164.083251953125,11.00293058299576
263,mps,stone_canyon,150,-146964.34448794095,-146964.08688794094,506,False,-0.8246157724348208,0.12058661050816832,0.04875792586555083,4.588331861495972,1.1275735195477803,3.4607583061854044,0.083096,179.7861328125,290.6434631347656,11.156722666986752
264,mps,stone_canyon,150,-116139.11094946755,-116138.92274946754,400,False,2.16987487907211,0.299110506795696,0.04407044775784016,4.584025659561157,1.1227355500062306,3.461290119489034,0.08993733333333336,701.5197143554688,1298.4393310546875,11.468210999999428
265,mps,stone_canyon,150,-160785.21880875318,-160784.91860875316,551,False,-1.4192517519493897,0.24727848955208173,0.047206133591632046,4.583079942067465,1.1211105974515279,3.4619693342844644,0.12642533333333336,180.4903564453125,329.7786560058594,10.9456963329867
266,mps,single_training,150,-110797.66535612989,-110797.43735612991,362,False,2.831971229712168,0.5741381983458996,0.050300066359341145,4.570717099507649,1.1081295839945475,3.462587515513102,0.08057333333333333,1363.6812744140625,2967.849853515625,11.117708125006175
267,mps,stone_canyon,150,-136171.19367690544,-136170.98127690543,467,False,1.1994470010201137,0.17121426058506284,0.044170909045885005,4.562743609746297,1.0998139627774557,3.462929644584656,0.07564,666.0980834960938,1429.6488037109375,11.00423133300501
268,mps,stone_canyon,150,-120430.86178928729,-120430.6661892873,413,False,2.6117147871851922,0.3860268445247008,0.04575697359318535,4.559708744684855,1.0964629367987315,3.4632458321253456,0.09296,910.9804077148438,1724.7169189453125,10.894491000013659
269,mps,stone_canyon,150,-109211.57255894157,-109211.96955894158,375,False,4.418651899533967,1.0997314221743666,0.04413999332735936,4.563954000473022,1.100391819079717,3.4635621531804404,0.020649333333333332,1703.72412109375,3480.87890625,10.772832166985609
270,mps,single_training,150,-127309.4337643694,-127309.10656436939,417,False,0.5817456889152527,0.09168272324585511,0.058387365310142436,4.57387061436971,1.109941994746526,3.4639286295572917,0.12090933333333334,366.3671875,902.9263916015625,10.872165540989954
271,mps,single_training,150,-116948.61617705756,-116948.19757705752,389,False,1.1685028295964002,0.10717705359660613,0.06145941477889816,4.588055245081583,1.1237991015116373,3.464256126085917,0.14309466666666668,460.6150207519531,1015.1669311523438,10.764082791982219
272,mps,stone_canyon,150,-109890.39202548671,-109890.26602548668,378,False,1.8853757269183795,0.34735233393129117,0.03960380251208941,4.604208396275838,1.1398283489545187,3.4643800528844197,0.05782933333333334,316.4927062988281,610.2294921875,10.942816666996805
273,mps,stone_canyon,150,-127757.14276759079,-127756.95096759078,439,False,0.20080584855129321,0.10108113493735194,0.040488039813935756,4.620977087020874,1.156545820236206,3.464431252479553,0.051556000000000005,159.05979919433594,449.0172119140625,10.820223124988843
274,mps,stone_canyon,150,-115922.92818495593,-115922.87538495594,399,False,-0.28237192690372465,0.4272377214146157,0.046422822767247754,4.638323074976603,1.1738838005065917,3.4644392840067546,0.022306666666666666,773.193115234375,1996.9581298828125,10.812531708012102
275,mps,single_training,150,-102046.74870639965,-102046.53590639963,335,False,0.5328322545439005,0.12469509169003383,0.0516554255473117,4.652022403081258,1.1875698630015055,3.464452527364095,0.086856,171.3712158203125,492.149658203125,10.757199499988928
276,mps,single_training,150,-120063.74142590757,-120065.21562590757,393,False,-1.6391191088749717,0.236443131843176,0.050364416483789684,4.665534909566244,1.2011063377062479,3.464428586959839,0.03778266666666667,681.0747680664062,1547.175537109375,10.873177041998133
277,mps,single_training,150,-105839.42974308477,-105839.34534308474,344,False,-0.03697212425526231,0.0948039604701366,0.059733355815211935,4.672923199335734,1.2085143585999807,3.4644088617960613,0.04680533333333334,207.86927795410156,569.2433471679688,10.918566582986386
278,mps,stone_canyon,150,-140080.69086436564,-140080.5522643657,478,False,-2.6571577886740365,0.39994476043308774,0.04264343873287241,4.6765477720896405,1.212221904595693,3.4643258635203042,0.049148000000000004,932.934814453125,2092.0009765625,11.005081832990982
279,mps,single_training,150,-117319.8812123576,-117319.78801235757,390,False,-0.43301330192014575,0.069109354127116,0.06150257393717766,4.677766780853272,1.213542288939158,3.4642244942982994,0.04497333333333334,86.83470153808594,233.1565399169922,10.935739167005522
280,mps,single_training,150,-95382.66682876332,-95382.6632287633,310,False,2.153356645721942,0.27776282778301414,0.04872686985880136,4.677535931269328,1.213521939118703,3.4640139865875246,0.0021093333333333333,729.657470703125,1709.2867431640625,11.007176540995715
281,mps,single_training,150,-135374.80959711308,-135376.3817971131,449,False,-2.049389735981822,0.34867367056174925,0.05852034155279398,4.680894918441773,1.2169979977607728,3.4638969389597576,0.10515866666666668,684.92041015625,1530.5380859375,11.724051166005665
282,mps,stone_canyon,150,-145528.56335305996,-145528.40615305994,498,False,-0.8545266291499138,0.25369986385103405,0.051540071032941344,4.681330280303955,1.2175621247291566,3.463768140474955,0.074288,235.21153259277344,785.9151611328125,11.283391208009562
283,mps,stone_canyon,150,-122889.54186472204,-122889.24726472204,420,False,1.5923646585953732,0.26162780841653027,0.04507597085088491,4.6838365427653,1.219886929988861,3.4639496246973676,0.08919333333333335,813.909423828125,1976.966796875,11.051046665990725
284,mps,single_training,150,-124550.80327051887,-124550.38707051889,412,False,0.31827896188323695,0.2419693339148489,0.05171393275260925,4.6893688042958575,1.2252635010083517,3.464105319976807,0.12173733333333334,495.6851501464844,1312.099609375,11.209048583987169
285,mps,stone_canyon,150,-123111.81790999629,-123111.54030999626,425,False,1.4887202375413229,0.1991967721645066,0.039809891246259214,4.694885285695394,1.2306968728701273,3.464188421567281,0.10858133333333332,602.3079223632812,1387.7041015625,10.828221208008472
286,mps,stone_canyon,150,-89689.17176247708,-89690.71016247712,309,False,3.2281377175139885,0.6150678802953038,0.04158280383174618,4.702433993021647,1.238097284634908,3.4643367099761964,0.08141066666666667,609.683349609375,1103.9720458984375,10.926079791999655
287,mps,single_training,150,-112797.1118760485,-112796.62667604849,371,False,0.3835071435912202,0.090761355080449,0.07032389221402506,4.710600372950236,1.246414877573649,3.4641854858398435,0.19796266666666668,73.63671112060547,402.4533386230469,10.919024125003489
288,mps,stone_canyon,150,-111143.0300434571,-111143.33304345708,379,False,1.4838898268217842,0.22655629775896766,0.043323939920713504,4.713371845881144,1.250055259068807,3.4633165884017942,0.03903333333333334,220.64308166503906,566.951904296875,11.080816959001822
289,mps,single_training,150,-115135.72226865416,-115135.48026865414,377,False,-0.3346932387103637,0.06815029491947068,0.05089461833238602,4.71681165377299,1.254174879391988,3.4626367696126303,0.11602399999999999,81.03258514404297,198.5144500732422,11.008557124994695
290,mps,stone_canyon,150,-122995.18159243948,-122994.90379243945,421,False,-0.6583988087624312,0.08798316830913261,0.04404002665231625,4.717057956059774,1.2546900375684102,3.4623679065704347,0.09568133333333335,379.150146484375,994.3635864257812,10.758105040993541
291,mps,stone_canyon,150,-85565.82948222707,-85565.81688222707,291,False,2.984562960912784,0.790035413656636,0.03531851113463442,4.716596899032592,1.2545325779914855,3.462064329783122,0.006364000000000001,437.5130920410156,806.1348876953125,10.840786958986428
292,mps,stone_canyon,150,-92825.162929406,-92825.04572940603,319,False,2.36398186100026,0.45561548976759997,0.0430982366638879,4.716927344004313,1.2554169011116028,3.4615104246139525,0.05705066666666667,408.96368408203125,797.3922119140625,10.896630208997522
293,mps,stone_canyon,150,-166185.6297668046,-166186.0909668046,570,False,-5.3698685871561365,1.4861473393902027,0.04590879415472349,4.71839906056722,1.2577033027013143,3.4606957483291625,0.06676266666666666,1483.078857421875,3494.50390625,11.015163541975198
294,mps,single_training,150,-104145.89027644432,-104145.72327644435,340,False,0.051512752431444826,0.05473495589922,0.056209889290233454,4.719426085154216,1.2588447181383768,3.4605813678105672,0.053124000000000005,144.99264526367188,591.8203125,10.996854291995987
295,mps,single_training,150,-123775.99160102848,-123775.66560102845,407,False,-2.7017440906415384,0.48046377767352777,0.04798092194522421,4.720044377644856,1.2594860847791036,3.460558279355367,0.08876533333333332,931.8441162109375,2243.000732421875,13.308225874992786
296,mps,stone_canyon,150,-122930.04341044655,-122929.74501044657,422,False,-1.860533178349336,0.25071937337517736,0.04637694651260972,4.719896456400553,1.2596176958084107,3.4602787748972577,0.11247733333333333,768.059814453125,1977.854736328125,11.846712208993267
297,mps,single_training,150,-102488.44830912178,-102488.24710912179,333,False,-0.24212165757392842,0.08459333842791239,0.06093258847172062,4.718913370768229,1.2588286399841309,3.460084745089213,0.03967733333333332,181.01455688476562,539.0758666992188,12.1557663330168
298,mps,stone_canyon,150,-98101.97410464405,-98101.84210464405,338,False,1.2970916303495565,0.1310172975254803,0.041883008206884065,4.716290314992269,1.2580610553423563,3.4582292524973552,0.047016,253.87875366210938,573.7377319335938,12.290129207976861
299,mps,stone_canyon,150,-125866.05846308604,-125865.94046308607,432,False,-1.5498797019477935,0.15959831923353326,0.04530513626833757,4.714852444330851,1.2589124035835266,3.455940044720968,0.05173333333333334,537.585693359375,1443.7060546875,11.377500041999156
300,mps,single_training,150,-78580.76817030426,-78580.60217030424,255,False,2.6330852196613947,0.3824384234962054,0.05191271745910247,4.710447667439778,1.2564580313364664,3.453989626566569,0.025813333333333334,513.2880249023438,1234.3480224609375,12.138727874989854
301,mps,stone_canyon,150,-140691.38947266535,-140690.98207266533,485,False,-2.234604037155708,0.2936390368957655,0.05046865331629912,4.7101839192708335,1.2559208989143371,3.4542630275090533,0.15221733333333332,404.2156982421875,895.9304809570312,11.392325291992165
302,mps,single_training,4,18.656540444145037,18.661140444145033,0,True,10.300986051559448,4.589613318443298,0.011151810409501195,4.822431802749634,1.3666209876537323,3.455810785293579,0.08965,25.411453247070312,39.52870559692383,0.3501768750138581
303,mps,stone_canyon,150,-130249.45131962532,-130249.29751962531,448,False,-1.228134034809967,0.11200184763956107,0.042551301664983235,4.709630654652913,1.2526337456703187,3.456996892293294,0.0575,303.22509765625,738.3447875976562,11.393451124982676
