episode,device,n_ticks,reward,buildings_destroyed,contained,policy_loss,value_loss,classification_loss,entropy,resource_entropy,zone_entropy,value_grad_norm,other_grad_norm,wall_time_s
1,mps,150,-68101.69851807095,227,False,-131907.25002604167,1021658322.2816666,17.907557754516603,4.370710283915201,1.1475921360651653,3.2231181542078655,65209976.0,141718592.0,7.2313025839976035
2,mps,150,-153756.21256193772,499,False,-13.541147507230441,18.69694206201316,18.367589530944823,4.3807026402155556,1.1206613262494405,3.2600413179397583,3449.251953125,18477.052734375,6.506102625018684
3,mps,16,-221.97477161615373,0,True,13.479120373725891,8.000567615032196,16.189392566680908,4.699535489082336,1.2699017152190208,3.42963370680809,273.9136657714844,2198.884765625,0.7301464169868268
4,mps,150,-140968.79451266173,459,False,6.654586878580352,5.979442247989549,13.346014614105224,4.313475929896037,1.0501540044943491,3.26332194964091,6798.00244140625,22079.650390625,6.480839291994926
5,mps,150,-123635.37676515648,409,False,8.113171808719635,7.680501766925056,10.520086339314778,4.316934752464294,1.0507401573657988,3.2661945962905885,7735.04248046875,22521.376953125,6.625151874992298
6,mps,150,-144848.94747160847,471,False,5.68273009079198,4.811136200593513,7.758451805114746,4.332893524169922,1.0631642909844716,3.2697292232513426,5688.2763671875,19351.650390625,6.112624458997743
7,mps,150,-136710.6288937095,457,False,5.1819703912354695,3.6437854377458994,5.16884139696757,4.357621661822001,1.085380292336146,3.2722413635253904,4953.74169921875,16875.13671875,6.5034525000082795
8,mps,150,-131012.28579995355,429,False,4.31699454707404,2.508667012898768,3.2884876569112143,4.375167400042216,1.1011999158064525,3.2739674933751424,3674.0146484375,15615.7705078125,6.321115083002951
9,mps,150,-102561.6973198042,337,False,5.721318790713946,3.2470494177378715,1.716469251314799,4.393600683212281,1.1175061031182607,3.2760945892333986,4565.650390625,14863.669921875,6.296082957996987
10,mps,150,-78504.13027361623,255,False,5.4418169752756755,1.7375312605500222,0.557442296743393,4.4102154080073035,1.1320720561345419,3.278143343925476,2739.396484375,7059.314453125,6.466642125014914
11,mps,150,-140136.404375466,459,False,-1.0575670638152708,0.9408971723571362,0.25324309229850767,4.4281103165944415,1.152838470141093,3.2752718432744343,256.3238525390625,1182.81396484375,5.954861500009429
12,mps,150,-109842.11527972738,361,False,0.8238721010647714,0.6069256187510412,0.18851144408186277,4.4497288783391316,1.1728644053141275,3.276864457130432,493.10858154296875,1016.1956787109375,6.042544208001345
13,mps,150,-113335.11412378863,374,False,-0.32817979296048483,0.6956269354542989,0.20444903115431468,4.480419214566549,1.2033003993829092,3.277118813196818,134.38136291503906,566.6990966796875,6.055352124996716
14,mps,150,-109987.61477295584,364,False,-1.2802970954279105,0.7706069430663531,0.24138327327867348,4.508737192153931,1.2344828271865844,3.2742543506622312,1096.2979736328125,2016.7186279296875,6.5506193340115715
15,mps,150,-95617.91978959848,312,False,-0.2009828597617646,0.38781811407922456,0.19422954482336838,4.525521637598674,1.2517902874946594,3.273731362024943,478.77587890625,954.7553100585938,6.04189774999395
16,mps,150,-105353.43731765587,351,False,-1.3949407628426949,0.627169562025944,0.21319135554134847,4.5297518126169845,1.2589166108767191,3.270835216840108,1192.9754638671875,2066.042724609375,6.346873166010482
17,mps,150,-93460.4104251975,307,False,0.06475514155967782,0.5432641117067033,0.25109840718408427,4.5322638003031415,1.262180962562561,3.270082836151123,274.3904724121094,851.1658325195312,6.2102022919862065
18,mps,150,-100885.70133059382,336,False,-0.5331393820792436,0.46846987076891916,0.2418368082990249,4.529160451889038,1.258707660039266,3.2704527870814006,120.95289611816406,517.5042724609375,6.250510791986017
19,mps,150,-83808.76181958901,273,False,1.0983972080300253,0.47928034154157406,0.21710773726304372,4.528894233703613,1.2571593308448792,3.271734913190206,344.69451904296875,740.7352905273438,6.247464334010147
20,mps,150,-121359.51782461723,407,False,-2.0963002955789367,0.9893989177061303,0.2039190694813927,4.514474751154582,1.2490338293711345,3.2654409265518187,492.6072082519531,1016.4103393554688,6.149036999995587
21,mps,150,-83049.69110945954,269,False,1.3583207585321118,0.24697409495783026,0.16624280268947284,4.5094478289286295,1.2424619062741598,3.2669859091440836,424.8782958984375,724.8215942382812,6.737372542003868
22,mps,150,-114522.20658310337,375,False,-1.5181899181660266,0.59690637748184,0.18473212564984956,4.503538907368978,1.237487473487854,3.2660514450073244,354.7821350097656,730.449462890625,6.507231583003886
23,mps,150,-116071.57665311325,379,False,-0.938481854336181,0.7515435895751369,0.16230504469325144,4.5035618178049726,1.23703342517217,3.2665283997853596,533.3289184570312,1254.1510009765625,5.9779495839902665
24,mps,150,-136025.00403717518,441,False,-2.824924511611462,1.3342013519385363,0.19495958731820187,4.504806617101034,1.2360986940066019,3.2687079350153607,771.715087890625,1418.603759765625,6.394608625007095
25,mps,150,-105703.70050954465,345,False,0.12058881292740505,0.42203925030114686,0.1638283491631349,4.507639306386312,1.233128391901652,3.2745109176635743,163.41046142578125,527.1661376953125,5.9273565000039525
26,mps,16,-195.1255605077641,0,True,10.55542653799057,4.698761016130447,0.033540509291924536,4.7880761325359344,1.341771513223648,3.4463046193122864,133.36639404296875,338.5653991699219,0.6341087500040885
27,mps,150,-112291.4056464636,367,False,-0.21874580202003321,0.574449014699591,0.13693126175552606,4.503963816960653,1.227297646999359,3.2766661564509074,342.4591064453125,680.9115600585938,6.087684291007463
28,mps,150,-128183.45778964221,423,False,-1.7885644813378652,0.7970573595840446,0.13051668907205263,4.493999883333842,1.2199583212534586,3.274041562080383,379.4956970214844,740.28076171875,6.964526541996747
29,mps,150,-130023.42748489817,423,False,-1.8365098623248437,0.5912918000265199,0.12764641081293424,4.481036748886108,1.209665556748708,3.2713711802164713,433.3273620605469,805.3395385742188,6.170200833003037
30,mps,150,-99284.18082746252,322,False,1.3433227499201894,0.41144902717542814,0.09876592593888442,4.470438400904338,1.2000916234652201,3.2703467798233032,890.1231689453125,1584.292724609375,6.680366042011883
31,mps,150,-111856.29014943026,366,False,0.6966743765585125,0.6628903613265842,0.11217260787884395,4.464649686813354,1.1954815061887105,3.26916818300883,1270.912841796875,2284.078369140625,6.228274583001621
32,mps,150,-91755.55352799683,306,False,1.9188367139191056,0.42049165237876274,0.10344438237448533,4.462754526138306,1.1955776556332907,3.2671768697102865,931.306640625,1615.568603515625,6.041958959016483
33,mps,150,-94366.58225730724,307,False,1.3197149665157,0.3748680944179068,0.10502629240353901,4.464302180608113,1.1996697449684144,3.2646324253082275,804.2914428710938,1379.8551025390625,6.320255625003483
34,mps,150,-95910.45963031995,314,False,0.5453589565927783,0.22753028608242554,0.1183005803823471,4.4618166081110635,1.201300474802653,3.2605161237716676,139.41726684570312,460.8263244628906,6.252926957997261
35,mps,150,-116597.2430216503,384,False,-2.046557488280038,0.7273280888708602,0.10570353299379348,4.46580535252889,1.2119310601552327,3.2538743098576863,901.0166625976562,1660.915771484375,6.207942375011044
36,mps,150,-103859.8355505586,338,False,-1.3798680065820614,0.6039275891539243,0.10131927455465,4.468260520299276,1.220727972984314,3.247532555262248,1152.7293701171875,2086.232421875,6.0521575000020675
37,mps,150,-84857.3846500561,277,False,0.5767119250943263,0.25301010220963993,0.09520088322460651,4.4682714557647705,1.2251910630861917,3.2430803982416787,130.48886108398438,413.96710205078125,6.146287708019372
38,mps,150,-171464.71719993534,570,False,-7.466788742182155,3.650000264682955,0.12356660852829615,4.471705652872721,1.2286527585983276,3.2430528942743937,3089.87255859375,5459.521484375,6.051127874990925
39,mps,150,-137057.42881150814,444,False,-4.1268245571634425,1.449288227863456,0.10519129681090514,4.477448596954345,1.2326130493481955,3.2448355293273927,1774.201416015625,3270.630859375,6.258947916998295
40,mps,150,-88555.80270576394,287,False,0.9357701713467638,0.23414252698794977,0.09541798643767833,4.483585974375407,1.2353736114501954,3.2482123533884684,442.5265808105469,780.9033813476562,6.1214252920181025
41,mps,150,-108433.50722757113,359,False,-0.7811020906750734,0.18705873155179384,0.10590526623030504,4.4874853483835855,1.2374910728136699,3.249994274775187,136.88104248046875,356.4144287109375,6.625753208005335
42,mps,4,8.317586378778088,0,True,8.981319427490234,3.4437376856803894,0.03589560370892286,4.792984962463379,1.3440379202365875,3.4489470720291138,30.133209228515625,76.60537719726562,0.1701766669866629
43,mps,150,-143736.75085727603,465,False,-3.666580642660459,1.1698623229067502,0.10544079855084419,4.477713842391967,1.2269948776563009,3.250718970298767,1185.0869140625,2035.6942138671875,6.006231042003492
44,mps,150,-122416.8789036003,405,False,-1.429592270453771,0.3281092029386976,0.09696979254484177,4.465857826868693,1.2148342100779215,3.251023619969686,363.614013671875,708.6253051757812,5.932177165988833
45,mps,6,-21.744758995721053,0,True,9.001573403676352,3.1582406759262085,0.04067340431114038,4.761214733123779,1.322834551334381,3.438380161921183,55.890708923339844,136.84869384765625,0.23246379199554212
46,mps,150,-125649.65899642862,409,False,-0.7288384042183558,0.6596261555879998,0.09893997189899285,4.445068136850993,1.193196297089259,3.251871846516927,476.0424499511719,1459.6907958984375,5.879014999984065
47,mps,150,-134167.0863106562,444,False,-1.0568846877926261,0.9671059303807461,0.11587273644904296,4.449360739390055,1.1980276966094972,3.25133304754893,803.2000732421875,2087.266845703125,6.071267541992711
48,mps,150,-86777.70684528444,283,False,3.1751829942688348,1.0581910827771268,0.09146333160499731,4.456902907689412,1.2085034783681234,3.248399405479431,2222.640869140625,3954.419677734375,6.077967624994926
49,mps,150,-119184.95258954179,388,False,0.3302373923858007,0.6512101705830233,0.11883575854202112,4.463715113004048,1.220481968720754,3.2432331387201945,1295.1968994140625,2707.889404296875,6.233014291996369
50,mps,150,-152809.84306552084,493,False,-3.396628133592506,1.2020654821631374,0.12230385556817054,4.468235818545024,1.2306446345647175,3.2375911887486777,748.23681640625,1534.73779296875,6.149626582977362
51,mps,150,-103482.75117433816,336,False,1.1064483912211533,0.3795563942027673,0.09167213638623556,4.479149028460185,1.2435909310976665,3.2355581172307333,866.9219970703125,1708.1773681640625,6.1200934590015095
52,mps,150,-125579.78995942291,408,False,-1.0500997956842184,0.4829072781388337,0.11426266193389893,4.488343935012818,1.2550837302207947,3.2332601976394653,273.1883544921875,719.8004760742188,6.000673417001963
53,mps,150,-158654.12301642622,514,False,-4.85872838228941,1.719402576466091,0.09998528853058815,4.497624055544535,1.267559790611267,3.230064261754354,1992.2113037109375,3905.73193359375,6.157045750005636
54,mps,150,-98365.4173391534,318,False,1.1993540348981817,0.23287967202505874,0.10696871151526768,4.503214990297954,1.2750694354375203,3.228145543734233,804.4849853515625,1451.5701904296875,6.088518500007922
55,mps,150,-83133.06955494967,271,False,2.3692099254888794,0.36268947648305017,0.11860190418859323,4.505718746185303,1.2801036596298219,3.2256150992711383,1127.4576416015625,2138.010986328125,6.133440542005701
56,mps,150,-98473.666908561,326,False,0.07780856213221947,0.1639290958187333,0.1193075393140316,4.505631914138794,1.285217764377594,3.220414139429728,355.6370544433594,779.4993896484375,6.048875584005145
57,mps,150,-135647.40015325235,444,False,-3.608970872561137,1.0427443068505575,0.09912011283139388,4.508034246762594,1.2918327895800272,3.2162014627456665,1699.12060546875,3274.449951171875,6.163189457991393
58,mps,150,-140024.28634975405,452,False,-3.958217661281427,1.3287550997066622,0.1127474724004666,4.50889375368754,1.294151299794515,3.214742450714111,2091.0537109375,4267.06689453125,6.277581292000832
59,mps,150,-118796.8206084697,385,False,-2.046490284986794,0.8647126374078774,0.10260429620742798,4.512610363960266,1.294576140244802,3.2180342197418215,1667.8294677734375,3285.2265625,6.278986791992793
60,mps,150,-117417.7741364444,385,False,-1.1479776609192291,0.2686718958138469,0.11235254821678002,4.519084463119507,1.2959158182144166,3.223168648084005,679.190185546875,1407.2537841796875,6.164813791983761
61,mps,12,-166.76206173251654,0,True,10.0811718304952,4.422404229640961,0.06213030653695265,4.811985929807027,1.3612544635931652,3.45073139667511,89.26081848144531,191.59454345703125,0.4612979579833336
62,mps,150,-145134.93412153175,474,False,-2.668642561833064,0.7231777914885121,0.10493767701089382,4.529155327479045,1.292381063302358,3.236774277687073,973.7820434570312,1867.0902099609375,6.167972916999133
63,mps,150,-109114.82837968731,357,False,1.1229282183324296,0.23760424910316943,0.08862537557880083,4.530259844462077,1.2861023950576782,3.2441574557622275,213.85284423828125,628.3583984375,6.200392208003905
64,mps,150,-115925.98391130587,386,False,0.7670542013148467,0.23561986814825409,0.10625919940570991,4.530238644282023,1.2814498710632325,3.2487887891133624,216.03744506835938,644.7748413085938,6.40613650000887
65,mps,150,-91627.85182888807,306,False,3.18895955602328,0.643905324563384,0.08622794797023138,4.536365063985189,1.2810694670677185,3.2552955881754557,1504.9276123046875,2827.024169921875,6.100677790993359
66,mps,150,-99935.46641336287,320,False,2.189484481215477,0.5423768131334509,0.08962352689355611,4.539976606369018,1.2813823699951172,3.258594239552816,1324.0870361328125,2531.8017578125,6.188106916990364
67,mps,150,-110107.8329099616,358,False,0.883900858797133,0.34479080694075187,0.11047861422101657,4.543500499725342,1.284679154555003,3.258821334838867,830.9564208984375,1647.7401123046875,6.142173290980281
68,mps,150,-147056.25205923815,482,False,-2.931670807177822,0.6640144815598614,0.1184092682103316,4.544648199081421,1.2871501676241557,3.257498057683309,695.5090942382812,1243.4600830078125,6.1986713749938644
69,mps,150,-144581.9040156105,470,False,-2.8236871098106104,0.6401303999557907,0.12147564202547073,4.544608176549276,1.2871266349156698,3.2574815289179484,642.213134765625,1219.145751953125,6.266035125008784
70,mps,150,-109329.09358655832,356,False,0.05669211786240339,0.13635360916693268,0.09301762697597345,4.5467737070719405,1.2865488441785176,3.260224831899007,101.66179656982422,309.7544250488281,6.26622929199948
71,mps,15,-219.18004602496313,0,True,8.62548557917277,3.3072324911753337,0.036258995284636816,4.80004866917928,1.3527018229166667,3.4473469257354736,111.90184783935547,263.161865234375,0.5866344170062803
72,mps,150,-127080.4789733379,412,False,-1.2467480828737219,0.4257140873776128,0.10956879764795303,4.538273703257243,1.2702683305740357,3.268005364735921,298.1746826171875,779.2828979492188,6.2652325829840265
73,mps,150,-144112.83497372593,462,False,-3.132305896133184,0.5978115397509828,0.09897028714418411,4.535835409164429,1.262801657517751,3.2730337381362915,1013.1158447265625,1883.9085693359375,5.959093041019514
74,mps,150,-115361.99206362445,374,False,-0.040520019562294084,0.18207765528634468,0.10969595357775688,4.5310655816396075,1.253376185099284,3.2776893838246663,548.2879028320312,1293.2314453125,6.17248350000591
75,mps,150,-106456.92230118036,349,False,0.6795032959648718,0.13300984819412556,0.09750478148460388,4.524716501235962,1.2445305252075196,3.280185964902242,670.8482055664062,1406.1160888671875,6.1160974169906694
76,mps,150,-96840.90277972851,320,False,1.0557325756301483,0.12882775300829205,0.08907560867567857,4.514330348968506,1.2337791228294372,3.2805512285232545,394.6358337402344,692.6104125976562,6.598043959005736
77,mps,150,-101661.49911477021,334,False,0.4799543731737261,0.18458426740097594,0.10167992224295934,4.507269878387451,1.2274684890111287,3.2798013718922934,542.49951171875,1087.0567626953125,7.549000541010173
78,mps,150,-130696.55704781535,430,False,-2.6838708530118067,0.5284416982099841,0.11147224623709917,4.498490451176961,1.2214534485340118,3.2770370054244995,1064.4017333984375,1871.3880615234375,6.060115542000858
79,mps,150,-106969.120942608,350,False,-0.9559573388216086,0.18707018926496838,0.10187536758681139,4.491365418434143,1.215120412906011,3.2762449820836386,576.5945434570312,1094.9404296875,5.993000584014226
80,mps,150,-107970.9081673271,355,False,-1.1159850578475743,0.18445868523472123,0.1118857241049409,4.485917000770569,1.2095581742127737,3.276358817418416,675.9938354492188,1403.2762451171875,6.319258624978829
81,mps,150,-104090.56656130299,346,False,-1.123159402112166,0.3812894181817925,0.11968318322052558,4.479422529538472,1.200749879280726,3.278672653834025,1119.759765625,2257.27490234375,6.956174499995541
82,mps,150,-102836.74892451524,336,False,-0.2998561728745699,0.1779018655142181,0.10236218026528755,4.469351360003153,1.1892064181963602,3.280144944190979,131.47256469726562,488.68408203125,6.295172833983088
83,mps,150,-122828.99435966663,400,False,-1.793307624210914,0.3703259283262499,0.10130161620676517,4.47307549794515,1.1936638192335765,3.2794116878509523,655.0711059570312,1176.8447265625,6.688739042001544
84,mps,150,-108433.94490052799,354,False,0.01169908679711322,0.11855753872170226,0.08499628918866317,4.477554065386454,1.196624389886856,3.280929668744405,178.74063110351562,446.5788269042969,6.425666041992372
85,mps,150,-129276.04630251124,423,False,-1.2981088521021107,0.2592797297110398,0.10079105854034424,4.480180452664693,1.1980640296141307,3.282116414705912,210.11720275878906,717.8942260742188,6.992754040984437
86,mps,150,-116887.85628202617,380,False,0.0022698324328909317,0.054253390314950994,0.11481967469056448,4.484632584253947,1.2004738966623942,3.284158690770467,167.21722412109375,361.7973937988281,6.76923724997323
87,mps,150,-96705.50947846664,310,False,2.158016302982966,0.28379534907639026,0.09370538592338562,4.488518164952596,1.2032954315344493,3.2852227322260537,924.4500122070312,1667.8974609375,6.18576220900286
88,mps,150,-113791.9310356022,367,False,0.47407422213815154,0.10158003513649533,0.08946066175897917,4.490930852890014,1.2059512146313984,3.2849796295166014,408.6298828125,849.0672607421875,6.281491125002503
89,mps,150,-113892.10445551944,372,False,-0.1527233473211527,0.1484808595529224,0.10763135773440202,4.493473259607951,1.2100288359324138,3.28344442208608,198.6391143798828,534.9213256835938,6.301882416999433
90,mps,150,-122871.38433534633,397,False,-1.078167142942548,0.17094231124637493,0.09196489577492079,4.490354150136312,1.2073712432384491,3.2829829184214274,367.9210510253906,840.141357421875,6.366067791997921
91,mps,150,-75871.99247378246,247,False,3.3548069149255753,0.6103836648042004,0.0833195236325264,4.494035744667054,1.2095608055591582,3.2844749609629313,1109.1436767578125,2015.0565185546875,6.330697875004262
92,mps,150,-100522.64855572296,336,False,0.9662179173280795,0.23833699765091296,0.08757208118836085,4.49746053536733,1.2126553642749787,3.284805172284444,734.523681640625,1290.11083984375,6.273870667006122
93,mps,150,-155963.01650954655,506,False,-4.95808384646972,1.8768249659936798,0.0850069497525692,4.503349054654439,1.2183627804120383,3.2849862734476725,2355.760498046875,4824.09033203125,5.878012665983988
94,mps,150,-97725.7393240333,320,False,0.4785996343692144,0.240846732990661,0.07700553993384043,4.507946554819743,1.2225500027338663,3.285396547317505,162.20883178710938,582.2610473632812,5.732807084015803
95,mps,150,-106103.48155270402,345,False,-0.07310628381868203,0.18616944756739032,0.09240629822015763,4.514077393213908,1.2250918412208558,3.288985554377238,341.6264343261719,841.658935546875,6.21350258300663
96,mps,150,-105251.67071975474,344,False,0.04544997304677963,0.1793237017574332,0.10922398070494334,4.520173244476318,1.2276099554697673,3.292563281059265,485.17132568359375,1159.947998046875,5.781606000004103
97,mps,150,-136827.82163447933,446,False,-2.6538933307429153,0.5684579817945875,0.07982679136097431,4.523437223434448,1.2272157168388367,3.296221499443054,1374.151123046875,2803.0625,5.946504874998936
98,mps,150,-95901.73107582018,312,False,2.1707516861955325,0.3198180198452125,0.10141386580963929,4.525813007354737,1.2259296576182048,3.2998833386103312,975.5764770507812,1948.589599609375,6.064082083990797
99,mps,150,-135329.66759046863,436,False,-0.8415783474640921,0.3379827498851243,0.09104556816319624,4.530296341578166,1.2281345105171204,3.302161815961202,457.7625427246094,1319.8836669921875,6.209602374990936
100,mps,150,-89631.7085542445,294,False,3.2951321752866107,0.6031317671140035,0.08334082057078679,4.532134402592977,1.2299013749758403,3.3022330300013225,1518.29443359375,2980.200927734375,6.122208999993745
101,mps,150,-92801.6778954799,304,False,2.530425916314125,0.3984893915895373,0.07078571557998657,4.539190057118733,1.2362626091639202,3.3029274495442706,870.20947265625,1611.5364990234375,6.20291266599088
102,mps,4,8.317586378778088,0,True,8.492020606994629,3.286435842514038,0.034550915472209454,4.7958561182022095,1.3532733917236328,3.4425827264785767,40.608097076416016,91.99801635742188,0.16348370900959708
103,mps,150,-90263.23853279496,296,False,2.0480317785342534,0.27538645720031735,0.08515773589412372,4.54882845878601,1.2488641635576885,3.299964305559794,610.1766357421875,1103.4593505859375,5.970446541992715
104,mps,150,-129871.73739389653,428,False,-2.070106454069416,0.33172763304261027,0.08454593233764171,4.553444115320842,1.2569186433156332,3.296525449752808,495.9017639160156,866.6198120117188,6.215300416981336
105,mps,150,-106351.83051109634,348,False,-0.2577984845933194,0.046178782317840616,0.08359891064465046,4.554789113998413,1.2600725189844768,3.2947165981928506,95.00049591064453,220.9691619873047,6.482025750010507
106,mps,150,-136123.05672504922,443,False,-3.6138106283545492,0.7690269713647043,0.09070881120860577,4.5600403881073,1.2664776674906413,3.2935627285639444,1550.571533203125,3203.506591796875,6.224405499990098
107,mps,150,-124895.02078045357,407,False,-1.7882289438446364,0.3689286527169558,0.09829371750354766,4.563980029424031,1.2703001856803895,3.2936798397699993,336.6082763671875,641.298828125,5.929142958018929
108,mps,150,-123753.90336060058,403,False,-1.891802691568931,0.2138968790906074,0.08966281739374002,4.564781233469645,1.2701428373654684,3.2946383810043334,693.7357177734375,1347.736328125,5.657375540991779
109,mps,150,-147358.99946335034,489,False,-3.281385060139,0.7071026392204173,0.09129451687137285,4.563890466690063,1.2684539318084718,3.295436522165934,985.7194213867188,1684.281494140625,6.214233334001619
110,mps,150,-119555.35489495457,394,False,0.05277146043876807,0.1552154304275367,0.08343293818334739,4.561361583073934,1.2657452750205993,3.2956163120269775,500.9095764160156,1284.537841796875,6.07691404200159
111,mps,150,-110228.84628336514,370,False,1.1531056268513202,0.11416656478959945,0.09057941329975923,4.559632908503215,1.2639477030436197,3.2956852022806804,655.1387939453125,1402.7391357421875,6.210581709019607
112,mps,26,-373.68359019714654,0,True,10.11863453571613,4.279744606751662,0.03869214997841762,4.788992863435012,1.3559901760174677,3.4330027195123525,300.6877746582031,540.0105590820312,1.0277751660032663
113,mps,150,-102167.87490329538,334,False,2.4708374618118008,0.6724025761813633,0.09113602824509144,4.5644250551859535,1.2667350443204244,3.2976900005340575,1665.8353271484375,3685.984619140625,6.349894790997496
114,mps,150,-105257.86419146565,341,False,1.7078919089088838,0.29367328291128314,0.07690137279530367,4.570668417612712,1.2712296652793884,3.299438751538595,1077.3046875,2328.706787109375,6.1355772920069285
115,mps,150,-114717.84411646317,375,False,0.01819348638256391,0.06007263558082438,0.0729550721993049,4.575644817352295,1.2754776247342428,3.3001671775182086,16.789018630981445,259.3550720214844,6.239284041977953
116,mps,150,-98088.12443750224,325,False,1.6102708311565221,0.222007483161157,0.0947344449783365,4.585151592890422,1.2838268272082012,3.3013247791926066,861.0169677734375,1721.5377197265625,6.004620082996553
117,mps,150,-122187.5510630554,405,False,-1.0366145269572735,0.07791166086205825,0.08570323667178552,4.592948045730591,1.2923694125811258,3.300578654607137,348.46490478515625,677.906494140625,6.240787124988856
118,mps,150,-119036.71016932615,392,False,-1.1994430998557557,0.2235286056488269,0.09149520477900902,4.597728080749512,1.2978476977348328,3.29988037109375,639.8969116210938,1394.9403076171875,6.0514402499829885
119,mps,150,-107449.96574726122,349,False,0.05700982061525186,0.12895650036537215,0.08528012042244275,4.601808185577393,1.3014302611351014,3.3003779077529907,57.82839584350586,368.1638488769531,6.246086583007127
120,mps,150,-136259.76657122507,446,False,-2.6686310555040835,0.4673109887620861,0.10491332247853279,4.60569045384725,1.3060178605715433,3.2996725988388063,1026.0919189453125,2090.49609375,6.556119499990018
121,mps,150,-150382.7228072154,492,False,-3.8415293096813063,0.8950111513445063,0.09266312311093013,4.606663926442464,1.3069103638331094,3.2997535626093546,1469.011474609375,2918.7197265625,6.218440500000725
122,mps,4,8.317586378778088,0,True,7.352776885032654,2.669608950614929,0.04159272834658623,4.780654668807983,1.3495125770568848,3.431142210960388,37.709007263183594,90.71598815917969,0.1714844170201104
123,mps,150,-85528.72756650067,280,False,3.258173227707545,0.6055149339387814,0.09277474666635195,4.596785252888997,1.2989632471402486,3.2978220160802207,1450.8504638671875,2968.54345703125,6.181772790994728
124,mps,150,-103266.80681429154,332,False,1.5408176687483985,0.2577427115212049,0.08637120199700196,4.588674701054891,1.2946470848719278,3.2940276066462197,943.4790649414062,2228.18408203125,6.038950417016167
125,mps,28,-298.23279414484,0,True,8.395543796675545,3.311759276049478,0.04587217340511935,4.7561614002500265,1.3419848425047738,3.4141765322004045,333.2183837890625,699.4404296875,1.0721467499970458
126,mps,150,-135110.43839901968,439,False,-1.1730945644776027,0.7126664881889397,0.09001467525959014,4.5623699315389,1.2797483428319296,3.28262158870697,678.4435424804688,2376.651123046875,6.185975542000961
127,mps,150,-95096.35992023078,309,False,1.3971782616774242,0.2514125312420462,0.07614006629834573,4.549636344909668,1.2735408425331116,3.276095471382141,886.6777954101562,2054.712890625,6.147883166995598
128,mps,150,-115633.1235812528,387,False,-1.550738863190636,0.3298441979828264,0.07148791073511045,4.536482699712118,1.2679768800735474,3.2685058244069416,1029.8359375,2358.33837890625,6.080295082996599
129,mps,150,-123679.89649050118,407,False,-2.38668730939428,0.3625801940460224,0.09089523886640867,4.524048452377319,1.260907284418742,3.2631411743164063,888.7589721679688,1685.8385009765625,7.485680916986894
130,mps,150,-115039.65783739851,374,False,-1.4408604960143565,0.18051921008473376,0.07527625146011512,4.512496649424235,1.252361872990926,3.2601347907384235,453.7862854003906,844.9654541015625,7.099984416010557
131,mps,150,-115620.00178586341,376,False,-1.2863150512178738,0.1603227383903383,0.09149025751898686,4.505857865015666,1.2464680353800455,3.259389853477478,378.59698486328125,721.7119140625,6.105456165998476
132,mps,150,-98120.99339856362,315,False,1.0790648338307316,0.40224838756243886,0.09922632216165463,4.503277470270793,1.2433895039558411,3.2598879512151084,1123.3858642578125,2783.087158203125,6.226391000003787
133,mps,150,-138109.63708134714,458,False,-2.9254300596813363,0.533365885947181,0.09594478823244572,4.506479864120483,1.2457455945014955,3.260734272003174,829.1473999023438,1459.4521484375,6.275441542005865
134,mps,150,-115902.56216853046,374,False,-0.42611280747378866,0.13487305032150287,0.08231288616855939,4.505813980102539,1.2445968612035117,3.2612171188990273,229.41981506347656,750.6900024414062,6.094254499999806
135,mps,150,-106208.89053372406,347,False,1.3733318787813187,0.5135476019165556,0.08749309368431568,4.505034761428833,1.2449342966079713,3.260100482304891,1309.3199462890625,3284.9453125,6.203211916988948
136,mps,150,-154088.84092512063,509,False,-3.5780490429699423,0.9238981918431819,0.09685003404815992,4.509701668421427,1.2511826348304749,3.2585190312067667,836.8798217773438,1545.661376953125,6.0136867920227814
137,mps,150,-122465.6479260729,400,False,-1.1754825916389624,0.25736325187294523,0.07532075427472591,4.508592313130697,1.2533777046203614,3.2552146037419636,740.3750610351562,1847.917236328125,5.890527833020315
138,mps,150,-151490.49834200603,497,False,-3.3428171017765997,0.7488056082755308,0.07793059746424356,4.506675148010254,1.2521524548530578,3.2545227082570394,1475.3905029296875,3186.72314453125,6.297092999971937
139,mps,150,-106645.64742481649,349,False,1.6868895391374827,0.25907834575909267,0.07333956873665254,4.504341745376587,1.2485236167907714,3.2558181444803873,685.295654296875,1434.3037109375,6.226394084020285
140,mps,150,-87963.74732404826,288,False,4.207546150286992,1.1735041295488675,0.09196392147491375,4.501110925674438,1.2474769592285155,3.2536339489618937,2225.95654296875,4833.427734375,6.14979629102163
141,mps,150,-82499.01692047622,270,False,4.470774807929993,0.9783805499474207,0.08906200848519802,4.4989425643285115,1.2500280292828878,3.2489145390192666,1716.918212890625,3479.82275390625,6.3726864169875626
142,mps,150,-121894.80648772213,399,False,0.20971882292690378,0.04301227814810924,0.09011555093030135,4.497515392303467,1.2547063636779785,3.2428090286254885,37.123390197753906,193.29864501953125,6.978565500001423
143,mps,150,-93609.91424489339,310,False,2.5220508191982907,0.4064233850586849,0.07136763654649257,4.497104172706604,1.2592824323972067,3.2378217426935834,787.1123657226562,1524.8695068359375,6.507745583017822
144,mps,10,-94.50053326729105,0,True,9.33507480621338,3.6614285707473755,0.043431681394577024,4.791822338104248,1.362710666656494,3.4291117191314697,95.75100708007812,170.9797821044922,0.37980150000657886
145,mps,150,-113385.76815971246,372,False,-0.08332808728019396,0.1134641114663585,0.08619216958681743,4.493797254562378,1.268699397246043,3.225097851753235,236.1995391845703,855.5350952148438,6.292286541982321
146,mps,150,-103867.47489025567,338,False,0.352321164359649,0.3217144385152157,0.07448149253924688,4.497839220364889,1.272141842842102,3.225697366396586,650.3611450195312,1723.534912109375,6.101712083996972
147,mps,150,-114210.70656324497,376,False,-0.20418176371060934,0.03277714555834033,0.08302394138028224,4.5047854884465535,1.2752835218111673,3.2295019737879436,98.60820770263672,282.58197021484375,6.111252750008134
148,mps,150,-119379.97906891031,387,False,-0.8473207013852273,0.12409869152493594,0.06996049450089534,4.518174788157145,1.2799541751543682,3.2382206042607624,547.1351318359375,1303.692626953125,6.23066829200252
149,mps,150,-130218.65476086781,424,False,-1.2735371661186219,0.14956501511473713,0.07959495681027572,4.529046870867411,1.2813249214490254,3.2477219597498577,505.67388916015625,1044.3280029296875,6.372994708013721
150,mps,150,-92910.00820647793,303,False,2.8423724577824276,0.46633959164842964,0.07941007842620214,4.539343798955281,1.2809227538108825,3.258421026865641,1277.6512451171875,2810.543212890625,6.876843834004831
151,mps,150,-128037.92789527016,428,False,0.12741975811620554,0.2513694942491323,0.09276290403058131,4.544665511449178,1.2808331116040548,3.2638324213027956,659.710693359375,1798.272705078125,6.404760500008706
152,mps,150,-109298.04608009054,358,False,1.6931192057952285,0.23409093250898877,0.09101148877292871,4.550605748494466,1.2835862636566162,3.267019486427307,927.1695556640625,2122.03955078125,6.890261542022927
153,mps,150,-97091.41960397772,315,False,2.5872491518283884,0.4384726756653739,0.09605554999162753,4.556674184799195,1.2873472817738851,3.269326893488566,1265.1868896484375,2693.623779296875,6.561325625021709
154,mps,150,-135439.86569589662,446,False,-1.7198544349273046,0.23233808571472764,0.10289947158967455,4.560979022979736,1.2916430775324503,3.2693359327316283,697.0569458007812,1508.228759765625,6.4840826250147074
155,mps,150,-107122.31578864418,350,False,1.6540965202876032,0.5327867204655742,0.08815209461996952,4.564696591695149,1.2944161574045816,3.270280443827311,1400.0242919921875,3392.814697265625,6.4099391250056215
156,mps,150,-160663.052904789,528,False,-4.256193023473024,1.0522657888111038,0.07629064398507278,4.567909860610962,1.2980113267898559,3.2698985528945923,1358.619873046875,2704.664794921875,6.982366292009829
157,mps,150,-138769.80704651788,450,False,-2.268405512770017,0.3818550829604889,0.08241335188349087,4.567773373921712,1.297588312625885,3.2701850350697836,742.8927612304688,1500.7200927734375,7.013440167007502
158,mps,150,-106213.48140969378,348,False,1.2550512253679336,0.3238078390699593,0.08337899142255385,4.570440142949423,1.2969962430000306,3.273443897565206,1044.225830078125,2524.00634765625,6.374335957982112
159,mps,150,-115361.2999328543,376,False,-0.11977167527028844,0.07689917548241762,0.06939000946780045,4.570263792673747,1.2964262580871582,3.2738375250498453,142.97988891601562,433.6554870605469,6.9122091669996735
160,mps,150,-120525.45001489614,394,False,-0.8034328952680031,0.08401967936068104,0.08066732789079348,4.567891464233399,1.2955817103385925,3.272309743563334,372.3969421386719,899.7208862304688,6.882678750000196
161,mps,150,-112269.7708568618,368,False,-0.5777699356277783,0.29241786910094864,0.06671932281305393,4.563379433949788,1.2907752060890199,3.2726042556762693,797.4371337890625,2031.6561279296875,6.736811832990497
162,mps,4,8.317586378778088,0,True,7.341127157211304,2.722673535346985,0.018853253684937954,4.800320386886597,1.3692509233951569,3.431069493293762,32.4205322265625,78.32555389404297,0.17630020799697377
163,mps,150,-102537.79245417344,334,False,1.3541508094221353,0.12619057167590653,0.09268288715432088,4.554134073257447,1.278456818262736,3.2756772883733114,583.4627075195312,1242.0726318359375,6.272661416995106
164,mps,150,-113125.92326992683,368,False,0.50300923322861,0.10597863697558935,0.10935025992492835,4.549162273406982,1.2747389936447144,3.2744232829411826,565.647216796875,1478.44677734375,6.1139251660206355
165,mps,6,-33.35007092482125,0,True,7.558799505233765,2.47222101688385,0.015861705721666414,4.788257996241252,1.3680784702301025,3.420179526011149,51.704498291015625,101.35751342773438,0.23416362499119714
166,mps,150,-113536.27256243024,367,False,-0.14120193394832314,0.11324751881953944,0.07850503491858642,4.532494260470073,1.2650024135907492,3.2674918508529665,163.61129760742188,530.25244140625,6.348308917018585
167,mps,150,-108466.02351552341,355,False,0.4021871001770099,0.08107567905291944,0.07155726982901493,4.531260217030843,1.2639496795336405,3.267310519218445,329.38995361328125,779.0930786132812,6.734610125015024
168,mps,150,-127729.1282974341,416,False,-1.5785985696626206,0.17387284756158503,0.07476747071991365,4.532138322194418,1.265727067788442,3.266411239306132,441.4807434082031,773.0420532226562,6.438349417003337
169,mps,150,-110138.2689464073,369,False,-0.1843846144216756,0.044237296074888945,0.06896104104816914,4.535527057647705,1.2684683775901795,3.2670586935679116,113.51972198486328,388.8294982910156,6.472258082998451
170,mps,150,-118374.56968079199,390,False,-0.7841901816769192,0.09243181512880559,0.07848484352231026,4.537866458892823,1.2717508212725321,3.2661156384150187,161.87249755859375,288.3554992675781,6.318146125006024
171,mps,150,-84901.46414670802,274,False,1.7225430701160804,0.2562691882782292,0.06799949246148268,4.543245267868042,1.2763367001215618,3.26690855662028,361.5455322265625,609.2745971679688,6.030614499992225
172,mps,150,-122907.17545269614,397,False,-2.181452353062729,0.44280596792907395,0.06204238346467415,4.546392618815104,1.280622704823812,3.2657698901494343,1288.584228515625,2988.45751953125,6.225918875017669
173,mps,150,-129577.13471695666,427,False,-2.563331472190718,0.4061374031173743,0.07066857941448688,4.550184631347657,1.283531628449758,3.2666530323028566,1036.9141845703125,2265.605224609375,6.40829829100403
174,mps,150,-98601.6414690061,323,False,0.6714387811223665,0.06265004487281355,0.07234523568923275,4.553528188069661,1.285009195804596,3.268519015312195,338.5166931152344,754.0084838867188,6.264853792003123
175,mps,150,-98484.46234182586,327,False,0.8307465602333347,0.1026153332256096,0.08260225508982937,4.555663897196452,1.2871872901916503,3.2684766006469728,483.2016906738281,1132.45654296875,6.45361887497711
176,mps,150,-91237.48723885369,303,False,1.032083156921435,0.11591932386090206,0.08077503516649207,4.555802240371704,1.2883034213383993,3.267498826980591,267.1321105957031,499.99957275390625,6.478884375013877
177,mps,150,-146175.99540769085,476,False,-4.169195978194475,0.8786735286967208,0.07309878072390953,4.555175952911377,1.2898838917414348,3.2652920484542847,1358.8714599609375,2595.739501953125,6.64111095800763
178,mps,150,-103163.30809476362,337,False,-0.25100994484343875,0.03840509973861107,0.07491146579384804,4.552234020233154,1.2883413910865784,3.2638926251729328,85.81504821777344,319.1456604003906,6.4669709999870975
179,mps,150,-107838.29044813963,348,False,-0.42115339616313574,0.11966114544062899,0.08152017157524824,4.550868326822917,1.2878364499409993,3.2630318641662597,309.3182067871094,980.70263671875,6.8623450830054935
180,mps,150,-121612.03789237229,398,False,-2.409000507692496,0.4185193194658495,0.09292399546752374,4.547589095433553,1.2868422396977743,3.2607468605041503,1286.952392578125,2868.927734375,7.113387707999209
181,mps,150,-74368.65509762958,239,False,2.044039560643335,0.32048604550695625,0.07627867365876834,4.54657475789388,1.2855526113510132,3.261022135416667,431.1980285644531,831.7618408203125,7.021398874989245
182,mps,4,8.317586378778088,0,True,6.132199287414551,2.0592654645442963,0.02300309669226408,4.756469488143921,1.364018976688385,3.3924505710601807,38.3079948425293,91.19483184814453,0.16470749999280088
183,mps,150,-144342.52995767706,478,False,-4.768077248632908,1.3800405141540493,0.07687527943402529,4.535720869700114,1.2802632061640422,3.255457681020101,2162.27001953125,4353.29736328125,6.407590208982583
184,mps,150,-126072.22489532972,414,False,-3.142553710738818,0.7990067847139047,0.0699168761819601,4.528163340886434,1.2760625950495401,3.252100747426351,1799.187255859375,4057.468505859375,6.298933291982394
185,mps,150,-161051.6063417048,525,False,-6.049456745125354,2.042005471550777,0.08759590277448297,4.522971324920654,1.2729315996170043,3.250039734840393,2447.926513671875,4671.40869140625,6.1383221660216805
186,mps,150,-95876.29111410261,310,False,0.024920663544908166,0.17087198924403915,0.08874085550506909,4.519673595428467,1.2698239382108052,3.249849650065104,338.9971618652344,1158.92138671875,6.529785165999783
187,mps,150,-123036.5263816002,405,False,-1.4547856289893388,0.44291850127818727,0.06766814389576514,4.51730504989624,1.2665249196688335,3.250780100822449,391.8139953613281,1276.985107421875,6.573435833997792
188,mps,150,-119175.9264486898,387,False,-0.565575121717217,0.3379885201002246,0.06736344322562218,4.521840874354044,1.2671903912226359,3.2546504720052085,511.09979248046875,1721.50927734375,6.8128552499983925
189,mps,150,-103020.34697992288,334,False,0.9816816547016303,0.2921496761249849,0.06009834179033836,4.529623896280924,1.269839514096578,3.259784379005432,911.9638061523438,2377.13037109375,6.351064334012335
190,mps,150,-115595.23095186152,379,False,-0.2666329296429952,0.19997683005407452,0.0696347721790274,4.539565382003784,1.2745121932029724,3.2650532070795695,465.73736572265625,1548.6182861328125,6.078199499985203
191,mps,150,-146212.86211406495,481,False,-3.263061647117138,0.6411987658054568,0.07820928364992141,4.545163927078247,1.277029530207316,3.268134390513102,965.1682739257812,1607.658447265625,6.161068916000659
192,mps,150,-107632.5730565276,350,False,0.6212214968912303,0.20062404304195905,0.0705481851597627,4.549813626607259,1.27857070684433,3.2712429332733155,798.3536376953125,2133.230712890625,6.081912374997046
193,mps,150,-108849.81800926781,356,False,-0.26987551265706616,0.10302302438574164,0.05862474468847116,4.550222587585449,1.2788497694333394,3.2713728284835817,263.99462890625,742.2003784179688,6.143067124998197
194,mps,150,-91164.01464336066,296,False,1.7118754102786382,0.2265508897524948,0.06632215335965157,4.55332730293274,1.2813936853408814,3.271933616002401,693.1778564453125,1444.115966796875,6.210636667005019
195,mps,150,-125017.65792581372,407,False,-1.638677520789206,0.20646196411762502,0.06465483718862136,4.553120412826538,1.2823038252194723,3.2708165884017943,633.1328735351562,1406.7242431640625,6.050159917009296
196,mps,150,-171937.53019104473,570,False,-6.406811993519465,2.128355790103475,0.09451550607879956,4.5551306247711185,1.2842754809061687,3.2708551534016927,2713.400390625,5941.81103515625,6.303104749997146
197,mps,150,-119269.04881628956,384,False,-1.0101114573702217,0.16718447258716576,0.06258733711515864,4.555075801213582,1.284375580151876,3.2707002290089924,611.818603515625,1548.839111328125,6.254105917003471
198,mps,150,-101246.91529131078,333,False,1.0793403969860325,0.1895051710055365,0.059421264783789715,4.555076208114624,1.2838223743438721,3.2712538623809815,167.53805541992188,416.0933532714844,6.372195625008317
199,mps,150,-116045.94691441407,380,False,0.35908787371745954,0.06840548143674861,0.06757785856723786,4.55735923131307,1.2838684113820393,3.2734908199310304,380.3841247558594,1007.116943359375,6.121660125005292
200,mps,150,-127375.48025037479,422,False,-0.34646228174368543,0.05374900690022817,0.08225794926285744,4.561694850921631,1.285486388206482,3.27620845635732,155.67771911621094,534.4569702148438,6.011130583996419
201,mps,150,-129222.70502360309,421,False,-0.751572393886745,0.08178221454555266,0.08707251186172167,4.562411511739095,1.286075758934021,3.276335751215617,278.64764404296875,627.8945922851562,6.819823084020754
202,mps,4,8.317586378778088,0,True,7.256389021873474,2.9519323110580444,0.035246506333351135,4.766817331314087,1.3710110783576965,3.3958062529563904,40.725257873535156,93.09817504882812,0.24361670899088494
203,mps,150,-143543.20342670797,464,False,-1.2087046220650275,0.29147789723686096,0.08539758078753948,4.554725596110026,1.281701378027598,3.273024222056071,246.61843872070312,734.0103149414062,7.070194375002757
204,mps,150,-98630.01489736314,321,False,2.912155567010244,0.4654297169111669,0.06197149426986774,4.553568967183431,1.2816704320907593,3.271898538271586,1268.069580078125,2646.71044921875,6.797916917013936
205,mps,20,-182.66030067113937,0,True,9.015175461769104,3.766231667995453,0.01913822293281555,4.7503663301467896,1.370261687040329,3.380104720592499,245.45787048339844,429.1143798828125,0.8634685419965535
206,mps,15,-138.90960835888396,0,True,8.396952978769939,3.2422791639963786,0.014150618513425191,4.7391913096110025,1.3694473822911581,3.369743903477987,177.9437255859375,300.33087158203125,0.628692875005072
207,mps,150,-138453.74003475916,452,False,-1.084227627205352,0.25970194892979637,0.08050643149142464,4.539523646036784,1.2787297598520915,3.2607938957214357,227.69345092773438,807.6997680664062,6.896479208982782
208,mps,150,-111488.46679472202,361,False,1.3778829872235656,0.2638466207152184,0.07550082540760437,4.53472533861796,1.2780260237058003,3.2566993109385174,1005.3450317382812,2461.237060546875,6.831571499991696
209,mps,150,-118183.22327984867,385,False,0.11335345975744228,0.13183898514873968,0.09820094880958398,4.530829833348592,1.2781290594736736,3.252700788180033,420.24957275390625,1184.886962890625,6.906408083013957
210,mps,150,-113735.82080583546,373,False,-0.48007811974734066,0.1899942852633103,0.07853900656104087,4.528714440663656,1.2797578700383505,3.248956546783447,631.7410888671875,1765.4034423828125,6.7477086250146385
211,mps,150,-152810.04264128924,501,False,-3.926837092489004,0.8713053888008775,0.07470734640955926,4.523748931884765,1.2790318314234417,3.2447171036402382,1315.062744140625,2344.29541015625,6.0730713329976425
212,mps,150,-116668.53280764917,381,False,-0.8510719589547565,0.07729458282645889,0.08039461025968193,4.520200614929199,1.2784552963574727,3.2417453209559124,411.65838623046875,930.7767333984375,6.130299124983139
213,mps,150,-140903.35666872576,457,False,-3.3606879300872485,0.666714396517103,0.06693248470624288,4.51851210753123,1.27832190990448,3.2401901992162068,1539.4466552734375,3210.478515625,6.292002250003861
214,mps,150,-101807.5569287608,338,False,0.8007120771892369,0.08630292590403163,0.07479005564004183,4.5180295530954995,1.2784266956647237,3.2396028582255045,431.8677062988281,923.5250854492188,6.007682958006626
215,mps,150,-134358.23156355775,447,False,-1.8299762899909788,0.23925524283495653,0.06799319386482239,4.5152339744567875,1.2782766652107238,3.2369573163986205,443.1791076660156,674.335693359375,6.789549667009851
216,mps,150,-132244.72205939938,432,False,-1.5761898217350245,0.16210173704535313,0.08978336068491141,4.514582346280416,1.2790056053797405,3.2355767265955606,455.90216064453125,806.9803466796875,6.676916874974268
217,mps,150,-146235.67817348987,487,False,-1.9714749820530415,0.5093898334402669,0.08671413669983546,4.512771310806275,1.2787291185061136,3.2340421867370606,386.4471130371094,1173.69384765625,7.1680884169763885
218,mps,150,-108858.68773641958,354,False,1.539731166603645,0.27514526931578265,0.07714153534422317,4.51302222887675,1.2790902686119079,3.23393194993337,1060.908447265625,2514.197998046875,7.0791662499832455
219,mps,150,-106415.89072252212,348,False,2.0856543457508088,0.5185998693702277,0.07873924306283395,4.509898295402527,1.2782531770070393,3.2316451104482016,1510.1065673828125,3660.05419921875,6.551300125021953
220,mps,150,-96812.61895521049,315,False,2.627661572135985,0.4360632584876309,0.0668731881926457,4.507976147333781,1.2781446123123168,3.229831525484721,1182.8834228515625,2401.024658203125,7.007134875020711
221,mps,150,-94400.47357937484,307,False,2.6286698936919373,0.38709616377739925,0.07422160173455875,4.504636820157369,1.2782233460744221,3.2264134804407756,1159.3017578125,2317.007568359375,6.21938404199318
222,mps,4,8.317586378778088,0,True,6.423873066902161,2.401559352874756,0.014769318280741572,4.754013180732727,1.377295345067978,3.3767178654670715,37.61207580566406,97.05005645751953,0.17231895800796337
223,mps,150,-151735.14594510084,499,False,-3.6847625918189686,0.7527177651886208,0.10536056684950988,4.4918852774302165,1.277886114915212,3.2139991760253905,1603.806396484375,3320.306396484375,6.115051458007656
224,mps,150,-99282.67241060075,324,False,1.018487409055233,0.1177140780998161,0.09153418911000093,4.486140866279602,1.276622823079427,3.2095180241266887,238.3101348876953,498.8762512207031,6.195642916980432
225,mps,6,-33.35007092482125,0,True,7.041328112284343,2.382880926132202,0.01813537844767173,4.753978172938029,1.3781672914822896,3.3758108218510947,54.94443130493164,105.88858795166016,0.23225025000283495
226,mps,150,-110381.0660490458,361,False,-0.9907150247693062,0.4138545598910605,0.06762304004281759,4.474897836049398,1.2757748238245645,3.199123018582662,1140.9849853515625,2780.45654296875,6.0209396250138525
227,mps,150,-140441.19602427905,457,False,-3.4293997037410735,0.7699763229085753,0.07023604203015565,4.469869149525961,1.2751176714897157,3.1947514756520587,1817.341796875,3798.976806640625,6.014904875017237
228,mps,150,-141194.27446276424,460,False,-3.5388194247086844,0.7515674103610217,0.07925113980968793,4.465613242785136,1.2743971355756123,3.1912160809834798,1741.919921875,3597.138671875,6.098492749995785
229,mps,150,-120467.06034465795,395,False,-1.3507464415083328,0.2858924829903602,0.07834293554226557,4.464726157188416,1.274456392923991,3.190269775390625,976.0576782226562,2279.290771484375,6.242300375015475
230,mps,150,-160485.18452090357,529,False,-3.495450387100379,0.8048288565810071,0.08439511597156525,4.458552980422974,1.2728945684432984,3.1856584215164183,1112.401123046875,1758.3983154296875,6.266718875005608
231,mps,150,-98079.66657404896,322,False,2.0637153699435293,0.37359127674201015,0.06106388395031293,4.451972440083821,1.2711805764834085,3.1807918548583984,677.424560546875,1100.6527099609375,6.296366459020646
232,mps,150,-112329.78125826136,364,False,1.2794947791347902,0.227646480587379,0.0641404527425766,4.445868225097656,1.2703521664937336,3.1755160506566367,871.9845581054688,1900.4578857421875,5.977582583000185
233,mps,150,-116804.70564712811,386,False,0.81258864171803,0.11258142135719026,0.0888377234712243,4.445653487841288,1.270406154791514,3.175247321128845,606.1345825195312,1361.4954833984375,6.200363333016867
234,mps,150,-114071.79687783784,372,False,0.8889785494158665,0.11043023949008784,0.05696392518778642,4.4462345059712725,1.2710331598917644,3.1752013699213664,535.217041015625,1084.4952392578125,6.242908250016626
235,mps,150,-137953.5069138316,450,False,-1.4089464082072178,0.24022143968196663,0.07439160802091162,4.448512905438741,1.2718819506963095,3.176630943616231,297.6568908691406,691.9454345703125,6.2208124169847
236,mps,150,-127716.6449518933,414,False,-0.5048803979158402,0.2420370676885553,0.0786495739966631,4.4488991340001425,1.2718807077407837,3.1770184230804444,516.5425415039062,1504.62939453125,6.023307124996791
237,mps,150,-128081.54008646947,420,False,-0.8202636247376601,0.1697308680733598,0.06963996484875679,4.446167928377787,1.2720035378138224,3.174164366722107,188.7718048095703,543.8013305664062,6.244984499993734
238,mps,150,-131189.69762622693,437,False,-2.0014579302072524,0.2724364956095815,0.06496477780242761,4.440966223080953,1.2730715258916219,3.167894705136617,1028.0076904296875,2113.2587890625,6.074832917016465
239,mps,150,-122784.24064241462,401,False,-1.205870145848021,0.19433910146809788,0.06958831536273162,4.43779382387797,1.2747781109809875,3.1630156993865968,796.3659057617188,1732.119384765625,6.141100665990962
240,mps,150,-102352.86660009444,336,False,0.6193918730442722,0.08824485735224395,0.07023760502537092,4.43853530883789,1.2775418257713318,3.1609934759140015,126.64729309082031,376.7986145019531,6.101599666988477
241,mps,150,-125976.80313220619,408,False,-2.104018399082124,0.5744373086958452,0.06339818431685368,4.440127272605896,1.2792145935694377,3.160912666320801,1547.486083984375,3505.2392578125,6.720226542005548
242,mps,4,8.317586378778088,0,True,6.294427514076233,2.3992719054222107,0.012199206976220012,4.7125266790390015,1.3685628473758698,3.343963861465454,40.77911376953125,86.27725219726562,0.17101416701916605
243,mps,150,-71359.06465170856,232,False,3.6372014973883053,0.889321224350684,0.07413170469924807,4.43346034526825,1.2785805495580038,3.154879773457845,1080.1915283203125,1814.89404296875,6.718021958018653
244,mps,150,-124531.33700491734,410,False,-1.2852648695744575,0.2632604953086017,0.0759062568191439,4.429065259297689,1.2786888670921326,3.1503764009475708,982.2457275390625,2273.346923828125,6.679816374991788
245,mps,150,-88472.37051829309,290,False,2.167204118715599,0.34038008401135056,0.06732772555202246,4.426255321502685,1.2796941566467286,3.1465611775716145,697.9903564453125,1155.4520263671875,6.343568750016857
246,mps,150,-82705.1127108009,269,False,2.923663977282898,0.5333367332582569,0.08054462467630705,4.420645586649576,1.2804220199584961,3.14022358417511,1358.0465087890625,2692.26171875,6.595346291986061
247,mps,150,-122025.85598613223,399,False,-1.3626571606611833,0.2505468695379652,0.08634363351079324,4.416817549069722,1.2818021988868713,3.135015331904093,1016.830810546875,2353.956787109375,6.746496124978876
248,mps,150,-105588.44833451956,343,False,0.6355223447096069,0.1177218056319479,0.1086497064648817,4.417990191777547,1.283086412747701,3.134903785387675,341.8746032714844,820.66650390625,6.512133250012994
249,mps,150,-104535.79706322758,340,False,-0.09421543002128602,0.0917081560761532,0.08344028754159809,4.417920638720195,1.2849626096089681,3.1329580243428548,307.91790771484375,889.1875,6.342182541004149
250,mps,150,-130324.68334622706,427,False,-2.206175364057223,0.2705093125378092,0.07867643361290295,4.419316987991333,1.285577067534129,3.1337399355570477,818.201904296875,1618.09375,6.641139374987688
251,mps,150,-112879.6639633607,368,False,-0.46066660090039174,0.0692396021316957,0.06058168573925893,4.421971087455749,1.286292671362559,3.135678413709005,154.64810180664062,498.15753173828125,7.163840916007757
252,mps,150,-116531.40056573266,378,False,-0.9054991611062239,0.09849091048386374,0.06563752729445696,4.42872318426768,1.2874838439623515,3.141239342689514,485.9718017578125,1115.6883544921875,6.837106582999695
253,mps,150,-148642.93319487278,490,False,-2.867577712759376,0.5853048427645444,0.08737323343753815,4.4324527947107955,1.2872811301549276,3.145171661376953,734.4039916992188,1132.9515380859375,6.698920791997807
254,mps,150,-86115.35629828932,279,False,2.582736097338299,0.4259318581749297,0.08135940127074719,4.439971369107564,1.2883012342453002,3.1516701300938923,1249.908203125,2611.59521484375,6.6446478749858215
255,mps,150,-101059.72172254293,329,False,1.8375036171202859,0.3118133763883816,0.07991931068400542,4.443650492032369,1.2888474766413371,3.1548029883702595,1171.148681640625,2566.08984375,6.277613417012617
256,mps,150,-128909.88985557405,418,False,-0.7980210192749898,0.13590964535840613,0.07244709756225348,4.444081543286641,1.2896930718421935,3.1543884738286336,191.99002075195312,585.5558471679688,6.332393334014341
257,mps,150,-136961.88504574544,444,False,-1.6772849894935886,0.26249407852296525,0.08183897415796916,4.444016958872477,1.2909956963857014,3.15302126566569,360.5587158203125,529.1690673828125,7.065246207988821
258,mps,150,-135771.02355645885,446,False,-1.82725815611581,0.29484918843217506,0.0672551542147994,4.4417768001556395,1.292091997464498,3.149684807459513,745.3433837890625,1452.4910888671875,6.593887832976179
259,mps,150,-147404.62067799448,479,False,-2.23724039896857,0.46151523956838747,0.10275933261960744,4.4421334584554035,1.2941656223932902,3.147967858314514,507.52569580078125,723.9356689453125,6.5365455000137445
260,mps,150,-151889.95017487166,491,False,-2.4552804400523502,0.45767428453449005,0.07203085182234645,4.444896834691366,1.2963228472073873,3.1485739835103352,763.2623291015625,1288.2119140625,6.410082458984107
261,mps,150,-123644.87206460333,408,False,0.831411802880466,0.09264392841214128,0.08795268346865971,4.442506912549336,1.296994128227234,3.14551278591156,417.7552490234375,925.6300048828125,6.440850500017405
262,mps,150,-84716.26376563635,277,False,3.951446902528405,1.0289382199391064,0.05063126089672248,4.440455193519592,1.2982559458414713,3.1421992492675783,1144.9622802734375,1782.26416015625,7.097431291011162
